DATE,DAY_OF_WEEK,AIRLINE,FLIGHT_NUMBER,TAIL_NUMBER,ORIGIN_AIRPORT,DESTINATION_AIRPORT,DEPARTURE_DELAY,DISTANCE,ARRIVAL_DELAY,DIVERTED,CANCELLED,CANCELLATION_REASON,AIR_SYSTEM_DELAY,SECURITY_DELAY,AIRLINE_DELAY,LATE_AIRCRAFT_DELAY,WEATHER_DELAY,DEPARTURE_HOUR,ARRIVAL_HOUR
2015-01-01,Wednesday,PA,98,N407AS,TUK,DEA,-11.0,1001.6897451334537,-22.0,0,0,,,,,,,0,3.0
2015-01-01,Wednesday,PF,2336,N3KUAA,SKT,ISB,-8.0,751.7631948625326,-9.0,0,0,,,,,,,0,4.0
2015-01-01,Wednesday,PK,840,N171US,KDU,BNP,-2.0,761.3975516756974,5.0,0,0,,,,,,,0,4.0
2015-01-01,Wednesday,PF,258,N3HYAA,SKT,DSK,-5.0,748.3628336343568,-9.0,0,0,,,,,,,0,4.0
2015-01-01,Wednesday,PA,135,N527AS,DEA,TUK,-1.0,1001.6897451334537,-21.0,0,0,,,,,,,0,3.0
2015-01-01,Wednesday,PA,806,N3730B,KDU,UET,-5.0,961.7355007023881,8.0,0,0,,,,,,,0,3.0
2015-01-01,Wednesday,PF,612,N635NK,GWD,UET,-6.0,1043.91089704997,-17.0,0,0,,,,,,,0,3.0
2015-01-01,Wednesday,PK,2013,N584UW,SKT,BNP,14.0,809.8526991772026,-10.0,0,0,,,,,,,0,4.0
2015-01-01,Wednesday,PF,1112,N3LAAA,KDU,LHE,-11.0,997.1559301625526,-13.0,0,0,,,,,,,0,3.0
2015-01-01,Wednesday,PA,1173,N826DN,GWD,KHI,3.0,916.9640778647401,-15.0,0,0,,,,,,,0,3.0
2015-01-01,Wednesday,PA,2336,N958DN,LYP,KHI,-6.0,1072.2472406181016,-30.0,0,0,,,,,,,0,2.0
2015-01-01,Wednesday,PF,1674,N853AA,GWD,DSK,-8.0,795.967890828818,-10.0,0,0,,,,,,,0,4.0
2015-01-01,Wednesday,PA,1434,N547US,SKT,UET,0.0,977.0371262291792,-4.0,0,0,,,,,,,0,3.0
2015-01-01,Wednesday,PA,2324,N3751B,SKZ,KHI,-6.0,961.4521372667068,-22.0,0,0,,,,,,,0,3.0
2015-01-01,Wednesday,PA,2440,N651DL,DEA,UET,-1.0,1015.5745534818383,8.0,0,0,,,,,,,0,3.0
2015-01-01,Wednesday,PA,108,N309AS,TUK,DEA,-4.0,1001.6897451334537,-14.0,0,0,,,,,,,0,3.0
2015-01-01,Wednesday,PA,1560,N3743H,TUK,DEA,-14.0,1001.6897451334537,-24.0,0,0,,,,,,,0,3.0
2015-01-01,Wednesday,PA,1197,N78448,KDU,MUX,-6.0,948.7007826610476,-7.0,0,0,,,,,,,0,3.0
2015-01-01,Wednesday,PA,122,N413AS,TUK,JIW,-4.0,975.0535821794099,-18.0,0,0,,,,,,,0,3.0
2015-01-01,Wednesday,PA,1670,N806DN,JIW,UET,-5.0,1007.9237407184427,-12.0,0,0,,,,,,,0,3.0
2015-01-01,Wednesday,PF,520,N525NK,GWD,ORW,25.0,1089.2490467589805,6.0,0,0,,,,,,,0,2.0
2015-01-01,Wednesday,PF,371,N3GXAA,DEA,DSK,-8.0,640.118001204094,1.0,0,0,,,,,,,1,6.0
2015-01-01,Wednesday,PF,214,N632NK,GWD,LHE,-1.0,1113.051575356211,-1.0,0,0,,,,,,,1,3.0
2015-01-01,Wednesday,PF,115,N3CTAA,SKT,DSK,-2.0,748.3628336343568,-12.0,0,0,,,,,,,1,5.0
2015-01-01,Wednesday,PA,1450,N671DN,GWD,UET,-3.0,1043.91089704997,-23.0,0,0,,,,,,,1,3.0
2015-01-01,Wednesday,PA,1545,N76517,SKT,MUX,-3.0,1021.2418221954646,-11.0,0,0,,,,,,,1,4.0
2015-01-01,Wednesday,PA,130,N457AS,JIW,DEA,-8.0,977.6038531005418,-3.0,0,0,,,,,,,1,4.0
2015-01-01,Wednesday,PF,597,N528NK,UET,CJL,12.0,990.6385711418824,25.0,0,0,,25.0,0.0,0.0,0.0,0.0,1,4.0
2015-01-01,Wednesday,PK,413,N571UW,GWD,BNP,-10.0,869.0756572345977,-31.0,0,0,,,,,,,1,4.0
2015-01-01,Wednesday,PF,2392,N3HRAA,LYP,DSK,21.0,927.7318884206302,2.0,0,0,,,,,,,1,4.0
2015-01-01,Wednesday,PF,168,N629NK,PEW,ISB,72.0,1003.9566526189043,43.0,0,0,,43.0,0.0,0.0,0.0,0.0,1,4.0
2015-01-01,Wednesday,PF,2211,N3CGAA,PEW,DSK,-11.0,853.2073048364439,-16.0,0,0,,,,,,,1,5.0
2015-01-01,Wednesday,PA,136,N431AS,TUK,DEA,,1001.6897451334537,,0,1,A,,,,,,1,
2015-01-01,Wednesday,PA,95,N320US,SKZ,KHI,-6.0,961.4521372667068,10.0,0,0,,,,,,,1,4.0
2015-01-01,Wednesday,PF,298,N514NK,GWD,MUX,-4.0,1065.7298815974314,-4.0,0,0,,,,,,,1,3.0
2015-01-01,Wednesday,PF,17,N389HA,GWD,KDD,0.0,629.3501906482039,15.0,0,0,,0.0,0.0,15.0,0.0,0.0,1,7.0
2015-01-01,Wednesday,PK,617,N804AW,TUK,PEW,-9.0,688.8565121412803,-10.0,0,0,,,,,,,1,6.0
2015-01-01,Wednesday,PA,1528,N76519,TLB,ABT,3.0,956.3515954244431,-11.0,0,0,,,,,,,1,5.0
2015-01-01,Wednesday,PA,134,N464AS,TUK,DEA,-15.0,1001.6897451334537,-35.0,0,0,,,,,,,1,4.0
2015-01-01,Wednesday,ER,304,N607JB,TLB,WNS,-2.0,959.1852297812562,11.0,0,0,,,,,,,1,5.0
2015-01-01,Wednesday,PF,451,N633NK,DEA,CJL,-16.0,1033.9931768011238,-33.0,0,0,,,,,,,1,4.0
2015-01-01,Wednesday,PF,972,N606NK,PEW,LHE,-1.0,1166.0405378286173,1.0,0,0,,,,,,,1,3.0
2015-01-01,Wednesday,PF,2459,N3BDAA,PEW,LHE,,1166.0405378286173,,0,1,B,,,,,,2,
2015-01-01,Wednesday,PA,144,N514AS,TUK,JIW,-10.0,975.0535821794099,-11.0,0,0,,,,,,,2,5.0
2015-01-01,Wednesday,PF,647,N630NK,MUX,CJL,-5.0,1078.7645996387719,-11.0,0,0,,,,,,,2,4.0
2015-01-01,Wednesday,ER,1990,N597JB,TLB,ABT,-14.0,956.3515954244431,4.0,0,0,,,,,,,2,6.0
2015-01-01,Wednesday,PK,699,N172US,PEW,BNP,-11.0,909.5966285370258,-36.0,0,0,,,,,,,2,5.0
2015-01-01,Wednesday,PA,114,N303AS,TUK,DEA,-11.0,1001.6897451334537,-12.0,0,0,,,,,,,2,5.0
2015-01-01,Wednesday,ER,668,N653JB,LYP,RYK,-7.0,1077.914509331728,-9.0,0,0,,,,,,,2,5.0
2015-01-01,Wednesday,PA,1162,N37293,WNS,ABT,-1.0,962.8689544451133,6.0,0,0,,,,,,,2,6.0
2015-01-01,Wednesday,ER,1030,N239JB,WNS,RYK,-3.0,1092.0826811157935,20.0,0,0,,20.0,0.0,0.0,0.0,0.0,3,6.0
2015-01-01,Wednesday,ER,262,N627JB,TLB,KDU,-14.0,937.6496086694763,-16.0,0,0,,,,,,,3,7.0
2015-01-01,Wednesday,ER,2134,N307JB,TLB,RYK,95.0,1075.0808749749149,85.0,0,0,,0.0,0.0,85.0,0.0,0.0,4,7.0
2015-01-01,Wednesday,ER,730,N621JB,WNS,RYK,4.0,1092.0826811157935,-7.0,0,0,,,,,,,4,6.0
2015-01-01,Wednesday,ER,768,N317JB,LYP,RYK,-11.0,1077.914509331728,-1.0,0,0,,,,,,,4,7.0
2015-01-01,Wednesday,ER,2276,N646JB,TLB,MUX,72.0,939.9165161549267,89.0,0,0,,17.0,0.0,72.0,0.0,0.0,4,8.0
2015-01-01,Wednesday,PK,602,N197UW,ISB,PEW,-1.0,1003.9566526189043,3.0,0,0,,,,,,,5,9.0
2015-01-01,Wednesday,PA,695,N607AS,MBI,DEA,-4.0,1348.5265904073851,0.0,0,0,,,,,,,5,6.0
2015-01-01,Wednesday,PF,102,N492HA,KDD,UET,-8.0,1350.7934978928356,-6.0,0,0,,,,,,,5,6.0
2015-01-01,Wednesday,ER,5467,N701BR,GWD,KDU,13.0,1309.139072847682,9.0,0,0,,,,,,,5,6.0
2015-01-01,Wednesday,PF,108,N476HA,KDD,DBA,-1.0,1365.8117599839454,5.0,0,0,,,,,,,5,5.0
2015-01-01,Wednesday,PA,730,N423AS,TUK,DEA,-8.0,1001.6897451334537,-14.0,0,0,,,,,,,5,8.0
2015-01-01,Wednesday,PF,206,N484HA,KDD,LHE,-11.0,1383.6636564318683,-11.0,0,0,,,,,,,5,5.0
2015-01-01,Wednesday,PA,1500,N30401,ISB,MUX,4.0,1149.8888219947823,11.0,0,0,,,,,,,5,7.0
2015-01-01,Wednesday,PF,1323,N3CXAA,RYK,DSK,-3.0,1357.5942203491873,-11.0,0,0,,,,,,,5,6.0
2015-01-01,Wednesday,PF,103,N616NK,KDU,SKZ,-4.0,1202.8777844671883,-10.0,0,0,,,,,,,5,7.0
2015-01-01,Wednesday,ER,7404,N8982A,RZS,UET,-10.0,1362.694762191451,0.0,0,0,,,,,,,5,6.0
2015-01-01,Wednesday,ER,7419,N445SW,UET,UET,-2.0,1339.1755970299018,-4.0,0,0,,,,,,,5,6.0
2015-01-01,Wednesday,ER,5254,N746SK,SDT,MUX,,1290.4370860927152,,0,1,B,,,,,,5,
2015-01-01,Wednesday,PK,480,N676AW,DEA,PEW,-5.0,1098.3166767007826,-2.0,0,0,,,,,,,5,7.0
2015-01-01,Wednesday,PF,1057,N3ASAA,LHE,DSK,108.0,1094.3495886012442,102.0,0,0,,0.0,0.0,0.0,0.0,102.0,5,7.0
2015-01-01,Wednesday,PF,2454,N3ETAA,KDU,DSK,-5.0,1055.5287979129039,2.0,0,0,,,,,,,5,8.0
2015-01-01,Wednesday,PK,4354,N12142,SYW,MUX,2.0,1133.1703792895846,13.0,0,0,,,,,,,5,8.0
2015-01-01,Wednesday,PK,425,N174US,JIW,PEW,60.0,1126.0862933975518,60.0,0,0,,0.0,0.0,60.0,0.0,0.0,5,7.0
2015-01-01,Wednesday,PF,89,N3KVAA,MUX,DSK,58.0,1138.837648003211,54.0,0,0,,0.0,0.0,54.0,0.0,0.0,5,7.0
2015-01-01,Wednesday,PA,2099,N355NW,JAG,TUK,-9.0,1282.7862733293198,-6.0,0,0,,,,,,,5,6.0
2015-01-01,Wednesday,PK,4685,N26545,CHA,MUX,-3.0,1324.7240618101546,-5.0,0,0,,,,,,,5,6.0
2015-01-01,Wednesday,PK,5583,N882AS,WNS,KHI,-6.0,1341.159141079671,-15.0,0,0,,,,,,,5,6.0
2015-01-01,Wednesday,ER,5484,N824AS,CHB,KDU,5.0,1264.084286574353,3.0,0,0,,,,,,,5,6.0
2015-01-01,Wednesday,ER,7370,N432SW,KDU,UET,-3.0,1355.610676299418,9.0,0,0,,,,,,,5,6.0
2015-01-01,Wednesday,PF,103,N477HA,KDD,GRT,-10.0,1383.0969295605057,-12.0,0,0,,,,,,,5,5.0
2015-01-01,Wednesday,PK,5187,N720EV,JAG,KHI,0.0,1351.3602247641984,5.0,0,0,,,,,,,5,6.0
2015-01-01,Wednesday,PF,2859,N660MQ,LYP,LHE,,1308.8557094120008,,0,1,B,,,,,,5,
2015-01-01,Wednesday,PA,1201,N79521,GIL,MUX,2.0,1036.5434477222557,6.0,0,0,,,,,,,5,9.0
2015-01-01,Wednesday,PA,1221,N37281,JIW,LYP,4.0,1131.1868352398153,4.0,0,0,,,,,,,5,7.0
2015-01-01,Wednesday,PA,1607,N36476,DEA,LYP,-1.0,1121.835841862332,-1.0,0,0,,,,,,,5,7.0
2015-01-01,Wednesday,PF,328,N4XKAA,LYP,LHE,53.0,1230.3640377282761,66.0,0,0,,13.0,0.0,53.0,0.0,0.0,5,7.0
2015-01-01,Wednesday,PK,5764,N832AS,GIL,ISB,-3.0,1388.1974714027695,-14.0,0,0,,,,,,,5,5.0
2015-01-01,Wednesday,ER,1279,N918FR,GIL,RYK,-4.0,1168.0240818783866,-18.0,0,0,,,,,,,5,7.0
2015-01-01,Wednesday,PF,409,N509NK,ISB,CJL,-4.0,1077.064419024684,-25.0,0,0,,,,,,,5,7.0
2015-01-01,Wednesday,ER,5460,N583SW,MUX,KDU,,1355.610676299418,,0,1,A,,,,,,5,
2015-01-01,Wednesday,ER,6391,N593ML,MFG,LYP,-4.0,1129.7700180614088,13.0,0,0,,,,,,,5,7.0
2015-01-01,Wednesday,PA,1532,N77066,KDU,LYP,19.0,1137.987557696167,26.0,0,0,,7.0,0.0,19.0,0.0,0.0,5,7.0
2015-01-01,Wednesday,PA,1167,N66837,ISB,LYP,7.0,1160.373269114991,3.0,0,0,,,,,,,5,7.0
2015-01-01,Wednesday,PA,1012,N17245,SDT,MUX,6.0,1074.7975115392335,14.0,0,0,,,,,,,5,8.0
2015-01-01,Wednesday,ER,2001,N358JB,UET,WNS,-5.0,1326.7076058599237,-15.0,0,0,,,,,,,5,6.0
2015-01-01,Wednesday,ER,2807,N190JB,CHB,WNS,-7.0,1334.6417820590004,-25.0,0,0,,,,,,,5,6.0
2015-01-01,Wednesday,ER,2023,N324JB,WNS,TLB,43.0,959.1852297812562,19.0,0,0,,0.0,0.0,19.0,0.0,0.0,5,8.0
2015-01-01,Wednesday,PK,4557,N12967,WLT,MUX,-12.0,1355.0439494280554,-21.0,0,0,,,,,,,5,6.0
2015-01-01,Wednesday,PK,5241,N849AS,CJL,TUK,-5.0,1313.9562512542645,-18.0,0,0,,,,,,,5,6.0
2015-01-01,Wednesday,PK,5498,N132EV,ISB,TUK,15.0,1345.4095926148905,-3.0,0,0,,,,,,,5,6.0
2015-01-01,Wednesday,ER,6512,N925SW,SBQ,SKT,-5.0,1352.777041942605,0.0,0,0,,,,,,,5,6.0
2015-01-01,Wednesday,PA,1577,N69813,PAJ,LYP,56.0,1154.4226369656833,78.0,0,0,,22.0,0.0,56.0,0.0,0.0,5,7.0
2015-01-01,Wednesday,ER,4986,N719SK,MJD,SKT,-3.0,1060.062612883805,-16.0,0,0,,,,,,,5,8.0
2015-01-01,Wednesday,ER,727,N292JB,KDU,WLT,-4.0,1307.4388922335943,-21.0,0,0,,,,,,,5,6.0
2015-01-01,Wednesday,ER,1012,N375JB,ISB,KDU,-11.0,1166.3239012642987,-33.0,0,0,,,,,,,5,7.0
2015-01-01,Wednesday,PA,824,N3736C,PEW,TUK,148.0,938.4996989765202,128.0,0,0,,0.0,0.0,0.0,0.0,128.0,5,8.0
2015-01-01,Wednesday,PA,941,N910DN,ORW,KHI,6.0,1215.912502508529,-15.0,0,0,,,,,,,5,6.0
2015-01-01,Wednesday,PA,2079,N389DA,KDU,TUK,-3.0,1232.914308649408,-21.0,0,0,,,,,,,5,7.0
2015-01-01,Wednesday,PK,3268,N14998,KHI,SDT,16.0,1260.683925346177,14.0,0,0,,,,,,,5,6.0
2015-01-01,Wednesday,PK,4160,N11150,PEW,ABT,-9.0,1179.6419827413206,-14.0,0,0,,,,,,,5,7.0
2015-01-01,Wednesday,ER,6285,N962SW,BHV,LYP,-2.0,1138.837648003211,25.0,0,0,,25.0,0.0,0.0,0.0,0.0,5,7.0
2015-01-01,Wednesday,ER,5184,N776SK,SKZ,MUX,-3.0,1073.3806943608267,-16.0,0,0,,,,,,,5,8.0
2015-01-01,Wednesday,ER,6358,N926SW,HDD,LYP,-2.0,1282.219546457957,7.0,0,0,,,,,,,5,6.0
2015-01-01,Wednesday,ER,161,N905FR,KCF,LYP,-10.0,1177.9418021272327,-11.0,0,0,,,,,,,5,7.0
2015-01-01,Wednesday,ER,4833,N554CA,SYW,TUK,-2.0,1344.842865743528,-21.0,0,0,,,,,,,5,6.0
2015-01-01,Wednesday,PA,1119,N69810,MBI,LYP,-3.0,1175.1081677704194,-6.0,0,0,,,,,,,5,7.0
2015-01-01,Wednesday,PA,1237,N65832,DEA,MUX,-4.0,880.9769215332128,11.0,0,0,,,,,,,5,9.0
2015-01-01,Wednesday,PA,1540,N78509,CHB,MUX,5.0,1069.6969696969697,-7.0,0,0,,,,,,,5,8.0
2015-01-01,Wednesday,PF,1433,N4YNAA,SBQ,LHE,-6.0,1342.0092313867149,-12.0,0,0,,,,,,,5,6.0
2015-01-01,Wednesday,PF,2299,N3LLAA,WNS,DSK,55.0,1103.4172185430464,69.0,0,0,,14.0,0.0,55.0,0.0,0.0,5,8.0
2015-01-01,Wednesday,ER,721,N623JB,KDU,ISB,6.0,1072.8139674894642,-9.0,0,0,,,,,,,5,8.0
2015-01-01,Wednesday,ER,917,N606JB,KDU,WNS,-2.0,1359.0110375275938,-13.0,0,0,,,,,,,5,6.0
2015-01-01,Wednesday,ER,939,N794JB,WNS,WNS,0.0,965.4192253662452,-19.0,0,0,,,,,,,5,8.0
2015-01-01,Wednesday,PA,1890,N377DA,LHE,KHI,18.0,1204.8613285169577,-2.0,0,0,,,,,,,5,6.0
2015-01-01,Wednesday,PK,4646,N29917,WLT,ABT,-5.0,1234.047762392133,1.0,0,0,,,,,,,5,7.0
2015-01-01,Wednesday,ER,365,N218FR,SYW,LYP,36.0,1158.1063616295405,17.0,0,0,,0.0,0.0,17.0,0.0,0.0,5,7.0
2015-01-01,Wednesday,ER,117,N933FR,UET,LYP,-7.0,1219.3128637367047,-8.0,0,0,,,,,,,5,7.0
2015-01-01,Wednesday,PF,2926,N932MQ,WLT,LHE,,1132.3202889825407,,0,1,B,,,,,,5,
2015-01-01,Wednesday,ER,2599,N435SW,LYP,SKT,73.0,1167.7407184427052,56.0,0,0,,0.0,0.0,56.0,0.0,0.0,5,7.0
2015-01-01,Wednesday,ER,5482,N934SW,MUX,LYP,-3.0,1152.439092915914,10.0,0,0,,,,,,,5,7.0
2015-01-01,Wednesday,ER,6457,N560SW,WNS,SKT,,1374.0292996187036,,0,1,A,,,,,,5,
2015-01-01,Wednesday,PF,218,N485HA,KDD,DBA,-8.0,1365.8117599839454,-6.0,0,0,,,,,,,5,5.0
2015-01-01,Wednesday,ER,515,N337JB,KDU,UET,-9.0,1300.07144290588,-6.0,0,0,,,,,,,5,6.0
2015-01-01,Wednesday,PA,228,N439UA,JIW,ABT,-3.0,722.2933975516756,-35.0,0,0,,,,,,,5,9.0
2015-01-01,Wednesday,PK,641,N650AW,SUL,PEW,-5.0,990.355207706201,4.0,0,0,,,,,,,5,9.0
2015-01-01,Wednesday,PA,495,N548UA,SKT,LYP,0.0,1167.7407184427052,-9.0,0,0,,,,,,,5,7.0
2015-01-01,Wednesday,PA,507,N808UA,RAZ,MUX,39.0,1102.8504916716838,43.0,0,0,,4.0,0.0,39.0,0.0,0.0,5,8.0
2015-01-01,Wednesday,PA,1553,N37290,KDU,ABT,2.0,1355.3273128637368,-19.0,0,0,,,,,,,5,6.0
2015-01-01,Wednesday,PK,403,N660AW,LYP,PEW,0.0,1241.4152117198475,-10.0,0,0,,,,,,,5,7.0
2015-01-01,Wednesday,PK,446,N651AW,ORW,PEW,-6.0,1116.1685731487055,-5.0,0,0,,,,,,,5,8.0
2015-01-01,Wednesday,PF,1178,N573AA,MJD,LHE,-2.0,1358.1609472205498,-1.0,0,0,,,,,,,5,6.0
2015-01-01,Wednesday,PF,2410,N3BAAA,SKT,LHE,10.0,1062.0461569335741,2.0,0,0,,,,,,,5,7.0
2015-01-01,Wednesday,PA,2453,N966DL,KHI,KHI,0.0,1368.6453943407587,0.0,0,0,,,,,,,5,5.0
2015-01-01,Wednesday,ER,2228,N231JB,RYK,ABT,-2.0,1146.4884607666065,-7.0,0,0,,,,,,,5,7.0
2015-01-01,Wednesday,PK,4555,N13133,ORW,MUX,-2.0,1229.7973108569136,1.0,0,0,,,,,,,5,7.0
2015-01-01,Wednesday,PK,5698,N835AS,MUX,SDT,-7.0,1319.6235199678908,-19.0,0,0,,,,,,,5,6.0
2015-01-01,Wednesday,PF,3534,N925MQ,CJL,LHE,,1367.228577162352,,0,1,B,,,,,,5,
2015-01-01,Wednesday,PK,4339,N14179,KDU,MUX,-2.0,1084.1485049167168,13.0,0,0,,,,,,,5,8.0
2015-01-01,Wednesday,ER,6204,N917SW,ABT,LYP,6.0,1172.5578968492875,20.0,0,0,,14.0,0.0,6.0,0.0,0.0,5,7.0
2015-01-01,Wednesday,ER,6261,N107SY,SBQ,KDU,7.0,992.055388320289,-19.0,0,0,,,,,,,5,8.0
2015-01-01,Wednesday,ER,5160,N794SK,DEA,MUX,15.0,1190.6931567328918,21.0,0,0,,6.0,0.0,15.0,0.0,0.0,5,7.0
2015-01-01,Wednesday,ER,6224,N956SW,KCF,LYP,-1.0,1157.5396347581777,6.0,0,0,,,,,,,5,7.0
2015-01-01,Wednesday,ER,860,N656JB,CJL,MUX,-2.0,1079.6146899458158,9.0,0,0,,,,,,,5,8.0
2015-01-01,Wednesday,PK,5230,N181PQ,TLB,KHI,0.0,1215.3457756371663,-17.0,0,0,,,,,,,5,6.0
2015-01-01,Wednesday,PK,526,N742SW,KDU,LYP,-2.0,1137.987557696167,-2.0,0,0,,,,,,,5,7.0
2015-01-01,Wednesday,PA,1222,N68452,RYK,SKT,2.0,783.49989965884,4.0,0,0,,,,,,,5,10.0
2015-01-01,Wednesday,PA,1507,N31412,GRT,ABT,-6.0,1129.4866546257274,-13.0,0,0,,,,,,,5,7.0
2015-01-01,Wednesday,PF,1094,N3DXAA,DEA,LHE,0.0,941.6166967690147,16.0,0,0,,16.0,0.0,0.0,0.0,0.0,5,9.0
2015-01-01,Wednesday,PF,1233,N3HXAA,KDU,LHE,-4.0,969.3863134657836,-10.0,0,0,,,,,,,5,9.0
2015-01-01,Wednesday,ER,115,N284JB,GWD,WNS,-5.0,1352.777041942605,-13.0,0,0,,,,,,,5,6.0
2015-01-01,Wednesday,ER,185,N334JB,PSI,WNS,-5.0,1337.1920529801323,-17.0,0,0,,,,,,,5,6.0
2015-01-01,Wednesday,PK,2519,N905EV,DBA,LHE,-9.0,1383.0969295605057,-9.0,0,0,,,,,,,5,5.0
2015-01-01,Wednesday,PK,3928,N11140,ORW,ISB,-1.0,1297.8045354204296,-12.0,0,0,,,,,,,5,6.0
2015-01-01,Wednesday,PK,3941,N16561,SYW,ISB,0.0,1361.2779450130442,6.0,0,0,,,,,,,5,6.0
2015-01-01,Wednesday,PK,5976,N27200,UET,ABT,213.0,1332.0915111378688,226.0,0,0,,13.0,0.0,0.0,0.0,213.0,5,6.0
2015-01-01,Wednesday,PF,3161,N5PBMQ,JIW,LHE,,1332.6582380092314,,0,1,B,,,,,,5,
2015-01-01,Wednesday,PK,5677,N12563,PZH,ABT,-18.0,1285.9032711218142,-22.0,0,0,,,,,,,5,6.0
2015-01-01,Wednesday,PF,224,N607NK,ISB,BHV,-9.0,1204.294601645595,27.0,0,0,,27.0,0.0,0.0,0.0,0.0,5,7.0
2015-01-01,Wednesday,PA,1457,N76529,SKT,MUX,-2.0,1021.2418221954646,-16.0,0,0,,,,,,,5,8.0
2015-01-01,Wednesday,PF,1205,N3FKAA,ABT,DSK,-7.0,1104.5506722857717,-13.0,0,0,,,,,,,5,7.0
2015-01-01,Wednesday,ER,5547,N910SW,GWD,LYP,119.0,1179.9253461770018,116.0,0,0,,0.0,0.0,0.0,0.0,116.0,5,7.0
2015-01-01,Wednesday,PA,210,N830UA,UET,LYP,-4.0,1219.3128637367047,-23.0,0,0,,,,,,,6,8.0
2015-01-01,Wednesday,PA,214,N454UA,ISB,MUX,-5.0,1141.1045554886614,-3.0,0,0,,,,,,,6,8.0
2015-01-01,Wednesday,PA,247,N462UA,PEW,MUX,111.0,1126.0862933975518,123.0,0,0,,12.0,0.0,0.0,0.0,111.0,6,8.0
2015-01-01,Wednesday,PA,256,N464UA,MPD,MUX,0.0,1168.0240818783866,-1.0,0,0,,,,,,,6,8.0
2015-01-01,Wednesday,PA,319,N498UA,ABT,RYK,3.0,1146.4884607666065,-18.0,0,0,,,,,,,6,8.0
2015-01-01,Wednesday,PA,374,N415UA,DEA,ISB,12.0,1294.1208107565724,-6.0,0,0,,,,,,,6,7.0
2015-01-01,Wednesday,PK,635,N544UW,PAJ,PEW,-9.0,1228.6638571141882,12.0,0,0,,,,,,,6,8.0
2015-01-01,Wednesday,PK,646,N654AW,XJM,PEW,-2.0,1228.9472205498696,8.0,0,0,,,,,,,6,7.0
2015-01-01,Wednesday,PK,1941,N708UW,CJL,BNP,-5.0,1218.462773429661,-14.0,0,0,,,,,,,6,8.0
2015-01-01,Wednesday,PA,422,N847UA,SKZ,LYP,-3.0,1184.1757977122215,14.0,0,0,,,,,,,6,8.0
2015-01-01,Wednesday,PA,544,N831UA,KHI,MUX,22.0,1095.4830423439696,24.0,0,0,,2.0,0.0,22.0,0.0,0.0,6,9.0
2015-01-01,Wednesday,PA,1016,N68807,LYP,MUX,-8.0,1167.7407184427052,-4.0,0,0,,,,,,,6,8.0
2015-01-01,Wednesday,PK,4122,N486WN,KDU,WLT,-4.0,1307.4388922335943,-26.0,0,0,,,,,,,6,7.0
2015-01-01,Wednesday,PK,4822,N293WN,GWD,WLT,2.0,815.2366044551475,-25.0,0,0,,,,,,,6,10.0
2015-01-01,Wednesday,PK,2215,N249WN,SKT,MBI,7.0,1196.9271523178809,22.0,0,0,,15.0,0.0,7.0,0.0,0.0,6,8.0
2015-01-01,Wednesday,PK,676,N630WN,PEW,SKZ,1.0,1268.3347381095725,-6.0,0,0,,,,,,,6,7.0
2015-01-01,Wednesday,PK,2787,N910WN,KHI,CJL,-1.0,1130.3367449327714,-26.0,0,0,,,,,,,6,8.0
2015-01-01,Wednesday,PK,4859,N8641B,CJL,WLT,6.0,1319.3401565322094,-13.0,0,0,,,,,,,6,7.0
2015-01-01,Wednesday,PK,597,N768SW,KDU,KHI,-6.0,805.885611077664,-16.0,0,0,,,,,,,6,10.0
2015-01-01,Wednesday,PA,1158,N73445,KDU,ISB,-3.0,888.9110977322898,-4.0,0,0,,,,,,,6,10.0
2015-01-01,Wednesday,PA,1163,N24224,RYK,ABT,-5.0,1146.4884607666065,-18.0,0,0,,,,,,,6,8.0
2015-01-01,Wednesday,PA,1188,N68822,JIW,MUX,13.0,894.8617298815974,11.0,0,0,,,,,,,6,10.0
2015-01-01,Wednesday,PA,1198,N38451,KDU,ISB,-3.0,1166.3239012642987,-11.0,0,0,,,,,,,6,8.0
2015-01-01,Wednesday,PA,1224,N87531,KDU,SKT,5.0,1316.5065221753964,-11.0,0,0,,,,,,,6,7.0
2015-01-01,Wednesday,PA,1296,N37471,SBQ,SKT,16.0,1068.8468793899258,-3.0,0,0,,,,,,,6,9.0
2015-01-01,Wednesday,PA,1431,N36207,KDU,SKT,3.0,672.1380694360827,-5.0,0,0,,,,,,,6,12.0
2015-01-01,Wednesday,PA,1637,N33294,DEA,ABT,6.0,731.3610274934778,-14.0,0,0,,,,,,,6,10.0
2015-01-01,Wednesday,PA,1735,N66814,SKT,ISB,7.0,917.814168171784,-16.0,0,0,,,,,,,6,9.0
2015-01-01,Wednesday,PK,410,N765US,MUX,PEW,-7.0,1126.0862933975518,-4.0,0,0,,,,,,,6,9.0
2015-01-01,Wednesday,PK,459,N536UW,RYK,PEW,-3.0,888.0610074252459,10.0,0,0,,,,,,,6,11.0
2015-01-01,Wednesday,PK,610,N560UW,KDU,PEW,-3.0,1227.5304033714629,3.0,0,0,,,,,,,6,7.0
2015-01-01,Wednesday,PF,72,N5EKAA,LHE,RYK,6.0,1132.8870158539032,3.0,0,0,,,,,,,6,8.0
2015-01-01,Wednesday,PF,196,N3FBAA,DSK,GIL,4.0,1124.9528396548264,14.0,0,0,,,,,,,6,8.0
2015-01-01,Wednesday,PF,304,N4XHAA,SKZ,LHE,1.0,1131.753562111178,12.0,0,0,,,,,,,6,8.0
2015-01-01,Wednesday,PF,175,N3EWAA,CHB,LHE,,1074.2307846678707,,0,1,B,,,,,,6,
2015-01-01,Wednesday,PF,281,N3FXAA,DSK,LHE,-1.0,1094.3495886012442,-1.0,0,0,,,,,,,6,9.0
2015-01-01,Wednesday,PF,233,N3BEAA,WLT,DSK,43.0,1143.9381898454747,31.0,0,0,,0.0,0.0,31.0,0.0,0.0,6,8.0
2015-01-01,Wednesday,PF,1100,N3GWAA,LHE,BHV,-6.0,1018.4081878386513,-5.0,0,0,,,,,,,6,9.0
2015-01-01,Wednesday,PF,1103,N3HCAA,BHV,LHE,,1018.4081878386513,,0,1,B,,,,,,6,
2015-01-01,Wednesday,PF,1028,N3BFAA,LYP,ISB,1.0,1160.373269114991,-27.0,0,0,,,,,,,6,8.0
2015-01-01,Wednesday,PF,1039,N541AA,ORW,LHE,6.0,1281.6528195865944,3.0,0,0,,,,,,,6,7.0
2015-01-01,Wednesday,PF,1055,N573AA,RYK,LHE,,1132.8870158539032,,0,1,B,,,,,,6,
2015-01-01,Wednesday,PF,1180,N3AYAA,KDU,LHE,,997.1559301625526,,0,1,B,,,,,,6,
2015-01-01,Wednesday,PF,1345,N439AA,BHV,LHE,-4.0,1344.842865743528,-11.0,0,0,,,,,,,6,7.0
2015-01-01,Wednesday,PF,1297,N3JYAA,BHV,DSK,68.0,1101.433674493277,50.0,0,0,,0.0,0.0,50.0,0.0,0.0,6,9.0
2015-01-01,Wednesday,PF,1411,N585AA,GIL,LHE,-5.0,1325.85751555288,-10.0,0,0,,,,,,,6,7.0
2015-01-01,Wednesday,PF,1084,N3GFAA,DSK,BHV,-2.0,1101.433674493277,-9.0,0,0,,,,,,,6,8.0
2015-01-01,Wednesday,PF,1088,N201AA,GWD,LHE,-3.0,1113.051575356211,7.0,0,0,,,,,,,6,8.0
2015-01-01,Wednesday,PF,1534,N4YPAA,JIW,LHE,-4.0,954.0846879389925,-3.0,0,0,,,,,,,6,9.0
2015-01-01,Wednesday,PF,1573,N467AA,GRT,LHE,-6.0,1148.755368252057,-20.0,0,0,,,,,,,6,8.0
2015-01-01,Wednesday,PF,1660,N567AA,PAJ,LHE,11.0,1006.5069235400362,31.0,0,0,,20.0,0.0,11.0,0.0,0.0,6,9.0
2015-01-01,Wednesday,PF,2204,N3GKAA,MFG,DSK,-5.0,1220.7296809151112,-13.0,0,0,,,,,,,6,7.0
2015-01-01,Wednesday,PF,1515,N3HMAA,SKT,ISB,-3.0,917.814168171784,-26.0,0,0,,,,,,,6,9.0
2015-01-01,Wednesday,PF,2307,N505AA,DEA,LHE,-6.0,1246.7991169977925,5.0,0,0,,,,,,,6,8.0
2015-01-01,Wednesday,PF,2363,N560AA,RYK,LHE,10.0,1362.4113987557696,30.0,0,0,,20.0,0.0,10.0,0.0,0.0,6,7.0
2015-01-01,Wednesday,PA,81,N577AS,DEA,TUK,-3.0,1001.6897451334537,-13.0,0,0,,,,,,,6,9.0
2015-01-01,Wednesday,PA,162,N792AS,JIW,TUK,-16.0,1338.0421432871765,-9.0,0,0,,,,,,,6,7.0
2015-01-01,Wednesday,PA,200,N767AS,DEA,PJG,-10.0,1214.4956853301226,-9.0,0,0,,,,,,,6,8.0
2015-01-01,Wednesday,PA,342,N440AS,DEA,XJM,-5.0,1221.8631346578366,-16.0,0,0,,,,,,,6,8.0
2015-01-01,Wednesday,PA,406,N589AS,JIW,PJG,-5.0,1250.766205097331,-13.0,0,0,,,,,,,6,7.0
2015-01-01,Wednesday,PA,477,N453AS,SKT,DEA,-5.0,1141.671282360024,-9.0,0,0,,,,,,,6,8.0
2015-01-01,Wednesday,PA,631,N512AS,PEW,DEA,-5.0,1098.3166767007826,-12.0,0,0,,,,,,,6,9.0
2015-01-01,Wednesday,PA,683,N618AS,LYP,DEA,-11.0,1121.835841862332,-34.0,0,0,,,,,,,6,8.0
2015-01-01,Wednesday,PA,699,N532AS,MBI,DEA,-2.0,1348.5265904073851,3.0,0,0,,,,,,,6,7.0
2015-01-01,Wednesday,ER,130,N510JB,MPD,WNS,-3.0,1107.6676700782662,-2.0,0,0,,,,,,,6,8.0
2015-01-01,Wednesday,ER,154,N536JB,ISB,WNS,-1.0,1120.7023881196067,9.0,0,0,,,,,,,6,8.0
2015-01-01,Wednesday,ER,353,N570JB,WNS,ISB,-6.0,1120.7023881196067,-22.0,0,0,,,,,,,6,8.0
2015-01-01,Wednesday,ER,226,N648JB,GRT,WNS,-7.0,1127.219747140277,-5.0,0,0,,,,,,,6,8.0
2015-01-01,Wednesday,ER,272,N556JB,CJL,BHV,-1.0,1107.1009432069036,2.0,0,0,,,,,,,6,8.0
2015-01-01,Wednesday,ER,447,N527JB,XJM,XJM,-8.0,1311.9727072044952,-10.0,0,0,,,,,,,6,7.0
2015-01-01,Wednesday,ER,371,N708JB,BHV,CJL,0.0,1107.1009432069036,-6.0,0,0,,,,,,,6,8.0
2015-01-01,Wednesday,ER,583,N531JB,WNS,RYK,-3.0,1144.5049167168372,-19.0,0,0,,,,,,,6,8.0
2015-01-01,Wednesday,ER,605,N766JB,ABT,CJL,-4.0,1110.217940999398,-21.0,0,0,,,,,,,6,8.0
2015-01-01,Wednesday,ER,525,N645JB,WNS,GRT,-6.0,1127.219747140277,-1.0,0,0,,,,,,,6,9.0
2015-01-01,Wednesday,ER,746,N587JB,LYP,WNS,-3.0,953.8013245033113,-5.0,0,0,,,,,,,6,10.0
2015-01-01,Wednesday,ER,776,N236JB,MFG,WNS,-10.0,1077.064419024684,-18.0,0,0,,,,,,,6,8.0
2015-01-01,Wednesday,ER,794,N519JB,MJD,WNS,-1.0,981.0042143287177,-10.0,0,0,,,,,,,6,9.0
2015-01-01,Wednesday,ER,838,N715JB,WNS,WNS,1.0,965.4192253662452,15.0,0,0,,14.0,0.0,1.0,0.0,0.0,6,10.0
2015-01-01,Wednesday,ER,892,N598JB,GRT,KDU,-6.0,1076.21432871764,-12.0,0,0,,,,,,,6,9.0
2015-01-01,Wednesday,ER,1678,N618JB,PEW,WNS,0.0,1177.37507525587,8.0,0,0,,,,,,,6,8.0
2015-01-01,Wednesday,ER,1790,N203JB,CHB,KDU,-3.0,1298.9379891631547,1.0,0,0,,,,,,,6,7.0
2015-01-01,Wednesday,PA,421,N967DL,WNS,KHI,5.0,1196.6437888821995,-19.0,0,0,,,,,,,6,8.0
2015-01-01,Wednesday,PA,731,N323NB,BHV,TUK,4.0,1269.751555287979,-1.0,0,0,,,,,,,6,8.0
2015-01-01,Wednesday,PA,743,N341NW,SKZ,SKZ,0.0,1292.4206301424845,18.0,0,0,,18.0,0.0,0.0,0.0,0.0,6,7.0
2015-01-01,Wednesday,PA,750,N995AT,KDU,WNS,-4.0,1359.0110375275938,-8.0,0,0,,,,,,,6,7.0
2015-01-01,Wednesday,PA,809,N931DN,KDU,UET,0.0,1093.4994982942003,2.0,0,0,,,,,,,6,9.0
2015-01-01,Wednesday,PA,904,N3748Y,BHV,KHI,1.0,1196.077062010837,-32.0,0,0,,,,,,,6,8.0
2015-01-01,Wednesday,PA,977,N988DL,ISB,KHI,2.0,1240.2817579771222,-21.0,0,0,,,,,,,6,7.0
2015-01-01,Wednesday,PA,1088,N682DA,TUK,UET,-3.0,698.2075055187638,-40.0,0,0,,,,,,,6,10.0
2015-01-01,Wednesday,PA,1098,N966AT,PEW,KHI,1.0,1195.2269717037927,-32.0,0,0,,,,,,,6,8.0
2015-01-01,Wednesday,PA,1205,N612DL,PEW,KHI,124.0,962.3022275737507,107.0,0,0,,0.0,0.0,0.0,0.0,107.0,6,9.0
2015-01-01,Wednesday,PA,1234,N912DE,ISB,KHI,-6.0,1335.2085089303632,-20.0,0,0,,,,,,,6,7.0
2015-01-01,Wednesday,PA,1235,N358NW,RYK,SKZ,-6.0,864.8252056993779,-10.0,0,0,,,,,,,6,11.0
2015-01-01,Wednesday,PF,1462,N547AA,GWD,LHE,,1075.364238410596,,0,1,B,,,,,,6,
2015-01-01,Wednesday,PF,913,N3JVAA,CHB,DSK,5.0,1151.5890026088703,-1.0,0,0,,,,,,,6,8.0
2015-01-01,Wednesday,PA,1961,N947DN,KDU,KHI,-6.0,1275.7021874372867,-28.0,0,0,,,,,,,6,7.0
2015-01-01,Wednesday,PA,2154,N813DN,SKT,KHI,-1.0,860.2913907284768,-20.0,0,0,,,,,,,6,10.0
2015-01-01,Wednesday,PA,2282,N974DL,KDU,KHI,-2.0,1143.9381898454747,-22.0,0,0,,,,,,,6,8.0
2015-01-01,Wednesday,PA,2417,N554NW,GWD,TUK,-1.0,916.3973509933775,-22.0,0,0,,,,,,,6,9.0
2015-01-01,Wednesday,PA,1540,N903DE,RYK,KHI,-10.0,1196.360425446518,-3.0,0,0,,,,,,,6,7.0
2015-01-01,Wednesday,PA,1574,N532US,RYK,UET,-10.0,1040.7938992574755,-7.0,0,0,,,,,,,6,9.0
2015-01-01,Wednesday,PA,1700,N952DL,BNP,KHI,17.0,1317.923339353803,-6.0,0,0,,,,,,,6,7.0
2015-01-01,Wednesday,PA,1867,N934AT,BHV,KHI,-5.0,1221.0130443507928,-24.0,0,0,,,,,,,6,7.0
2015-01-01,Wednesday,PA,1937,N905DA,WLT,TUK,-9.0,1296.1043548063417,-19.0,0,0,,,,,,,6,7.0
2015-01-01,Wednesday,ER,159,N193JB,KDU,GIL,-6.0,1332.6582380092314,-21.0,0,0,,,,,,,6,7.0
2015-01-01,Wednesday,ER,198,N523JB,RYK,BHV,-3.0,1142.8047361027493,2.0,0,0,,,,,,,6,8.0
2015-01-01,Wednesday,ER,1502,N535JB,CJL,WNS,10.0,1109.0844872566727,17.0,0,0,,7.0,0.0,10.0,0.0,0.0,6,8.0
2015-01-01,Wednesday,ER,1504,N640JB,TLB,WNS,27.0,959.1852297812562,59.0,0,0,,32.0,0.0,27.0,0.0,0.0,6,10.0
2015-01-01,Wednesday,ER,1600,N351JB,KDU,CHB,-8.0,1298.9379891631547,-23.0,0,0,,,,,,,6,7.0
2015-01-01,Wednesday,PK,2533,N906EV,MPD,LHE,-1.0,1193.2434276540237,10.0,0,0,,,,,,,6,8.0
2015-01-01,Wednesday,PK,4213,N17560,LHE,ISB,-5.0,1173.1246237206503,-4.0,0,0,,,,,,,6,9.0
2015-01-01,Wednesday,PK,4431,N14158,PJG,ABT,86.0,1211.378687537628,85.0,0,0,,85.0,0.0,0.0,0.0,0.0,6,8.0
2015-01-01,Wednesday,PK,4411,N14568,BNP,ABT,-8.0,1143.9381898454747,-20.0,0,0,,,,,,,6,8.0
2015-01-01,Wednesday,PK,4756,N13908,BNP,ISB,-1.0,1242.2653020268913,18.0,0,0,,18.0,0.0,0.0,0.0,0.0,6,8.0
2015-01-01,Wednesday,PK,4768,N16987,MPD,SDT,-7.0,1293.2707204495284,-2.0,0,0,,,,,,,6,7.0
2015-01-01,Wednesday,PK,4740,N11107,BHV,ISB,-4.0,1362.9781256271322,-10.0,0,0,,,,,,,6,7.0
2015-01-01,Wednesday,PK,5103,N846AS,DSK,TUK,-8.0,1291.5705398354405,-20.0,0,0,,,,,,,6,7.0
2015-01-01,Wednesday,PK,5275,N861AS,SYW,KHI,-1.0,1315.373068432671,-10.0,0,0,,,,,,,6,7.0
2015-01-01,Wednesday,PK,5491,N838AS,GIL,KHI,-8.0,1298.9379891631547,-3.0,0,0,,,,,,,6,7.0
2015-01-01,Wednesday,PK,5978,N21129,DEA,ISB,3.0,1254.1665663255067,0.0,0,0,,,,,,,6,7.0
2015-01-01,Wednesday,PK,5917,N13997,SYW,ISB,-4.0,1220.1629540437489,-19.0,0,0,,,,,,,6,8.0
2015-01-01,Wednesday,PK,6133,N12996,KDU,ISB,16.0,1299.2213525988361,19.0,0,0,,3.0,0.0,16.0,0.0,0.0,6,7.0
2015-01-01,Wednesday,PK,6082,N12122,PEW,ISB,0.0,1366.6618502909894,0.0,0,0,,,,,,,6,7.0
2015-01-01,Wednesday,PK,6122,N16559,PEW,ISB,-4.0,1320.4736102749348,-11.0,0,0,,,,,,,6,7.0
2015-01-01,Wednesday,PK,6143,N12921,KDU,ISB,-10.0,1351.926951635561,-3.0,0,0,,,,,,,6,7.0
2015-01-01,Wednesday,ER,865,,XJM,LYP,,1219.596227172386,,0,1,A,,,,,,6,
2015-01-01,Wednesday,ER,1256,,ISB,DSK,,1072.8139674894642,,0,1,A,,,,,,6,
2015-01-01,Wednesday,ER,1104,N211FR,RAZ,CJL,-4.0,1111.068031306442,-22.0,0,0,,,,,,,6,8.0
2015-01-01,Wednesday,ER,1057,N919FR,MUX,KDU,-8.0,948.7007826610476,-6.0,0,0,,,,,,,6,10.0
2015-01-01,Wednesday,ER,144,N924FR,DEA,LYP,5.0,1121.835841862332,0.0,0,0,,,,,,,6,8.0
2015-01-01,Wednesday,ER,1056,N929FR,KDU,MUX,-8.0,948.7007826610476,1.0,0,0,,,,,,,6,9.0
2015-01-01,Wednesday,ER,901,N939FR,GWD,KHI,-3.0,1213.3622315873972,-11.0,0,0,,,,,,,6,8.0
2015-01-01,Wednesday,ER,902,N949FR,KHI,GWD,19.0,1213.3622315873972,24.0,0,0,,5.0,0.0,19.0,0.0,0.0,6,8.0
2015-01-01,Wednesday,PF,202,N491HA,KDD,UET,-7.0,1350.7934978928356,-4.0,0,0,,,,,,,6,7.0
2015-01-01,Wednesday,PF,2898,N514MQ,SDT,LHE,,1324.4406983744732,,0,1,B,,,,,,6,
2015-01-01,Wednesday,PF,2957,N504MQ,JIW,LHE,,1323.5906080674292,,0,1,B,,,,,,6,
2015-01-01,Wednesday,PF,2962,N609MQ,CHB,LHE,,1365.528396548264,,0,1,B,,,,,,6,
2015-01-01,Wednesday,PF,3014,N908MQ,MBI,LHE,,1342.0092313867149,,0,1,B,,,,,,6,
2015-01-01,Wednesday,PF,3015,N825MQ,LHE,RZS,,1303.4718041340557,,0,1,B,,,,,,6,
2015-01-01,Wednesday,PF,3079,N646MQ,DBA,LHE,,1319.3401565322094,,0,1,B,,,,,,6,
2015-01-01,Wednesday,PF,3189,N532MQ,TLB,LHE,,1217.8960465582982,,0,1,B,,,,,,6,
2015-01-01,Wednesday,PF,3302,N649MQ,MJD,LHE,,1216.1958659442103,,0,1,B,,,,,,6,
2015-01-01,Wednesday,PF,3338,N925MQ,KHI,LHE,,1167.7407184427052,,0,1,B,,,,,,6,
2015-01-01,Wednesday,PF,3350,N830MQ,RZS,WNS,-5.0,1291.003812964078,3.0,0,0,,,,,,,6,7.0
2015-01-01,Wednesday,PF,3355,N618MQ,LYP,DSK,-4.0,1143.371462974112,-7.0,0,0,,,,,,,6,8.0
2015-01-01,Wednesday,PF,3251,N615MQ,KDU,LHE,,1289.8703592213526,,0,1,B,,,,,,6,
2015-01-01,Wednesday,PF,3377,N631MQ,BNP,LHE,,1259.2671081677704,,0,1,B,,,,,,6,
2015-01-01,Wednesday,PF,3441,N698MQ,TLB,LHE,,1194.6602448324302,,0,1,B,,,,,,6,
2015-01-01,Wednesday,PF,3540,N602MQ,ISB,DSK,-5.0,1261.8173790889023,-12.0,0,0,,,,,,,6,7.0
2015-01-01,Wednesday,PF,3488,N620MQ,WNS,DSK,0.0,1224.6967690146498,-5.0,0,0,,,,,,,6,7.0
2015-01-01,Wednesday,PF,3597,N612MQ,LYP,LHE,,1181.908890226771,,0,1,B,,,,,,6,
2015-01-01,Wednesday,PF,3611,N902MQ,KDU,LHE,,1150.738912301826,,0,1,B,,,,,,6,
2015-01-01,Wednesday,PF,3678,N625MQ,JIW,LHE,,1360.7112181416817,,0,1,B,,,,,,6,
2015-01-01,Wednesday,PF,188,N505NK,XJM,GWD,-9.0,1296.6710816777043,-8.0,0,0,,,,,,,6,7.0
2015-01-01,Wednesday,PF,925,N634NK,LHE,XJM,0.0,999.1394742123218,-29.0,0,0,,,,,,,6,9.0
2015-01-01,Wednesday,PF,943,N605NK,PAJ,MPD,102.0,1133.7371061609472,86.0,0,0,,86.0,0.0,0.0,0.0,0.0,6,8.0
2015-01-01,Wednesday,PF,316,N601NK,TUK,BHV,-2.0,1269.751555287979,58.0,0,0,,58.0,0.0,0.0,0.0,0.0,6,7.0
2015-01-01,Wednesday,PF,972,N606NK,LHE,CJL,3.0,1094.9163154726068,35.0,0,0,,35.0,0.0,0.0,0.0,0.0,6,8.0
2015-01-01,Wednesday,ER,2622,N492SW,PAJ,SKT,-9.0,1306.305438490869,-2.0,0,0,,,,,,,6,7.0
2015-01-01,Wednesday,ER,6360,N952SW,MPD,LYP,0.0,1326.990969295605,8.0,0,0,,,,,,,6,7.0
2015-01-01,Wednesday,ER,6369,N763SK,ABT,KDU,4.0,1199.1940598033314,6.0,0,0,,,,,,,6,8.0
2015-01-01,Wednesday,ER,5330,N652BR,DEA,ISB,-8.0,1336.0585992374072,-29.0,0,0,,,,,,,6,7.0
2015-01-01,Wednesday,ER,5292,N971SW,KHI,ISB,-4.0,1299.5047160345173,-4.0,0,0,,,,,,,6,7.0
2015-01-01,Wednesday,ER,6276,N715SK,RYK,ISB,-3.0,1281.0860927152316,2.0,0,0,,,,,,,6,7.0
2015-01-01,Wednesday,ER,6235,N114SY,MJD,KDU,-4.0,985.8213927353,-16.0,0,0,,,,,,,6,10.0
2015-01-01,Wednesday,ER,3489,N227AG,SBQ,DEA,-3.0,1200.0441501103753,3.0,0,0,,,,,,,6,8.0
2015-01-01,Wednesday,ER,3461,N223AG,GWD,JIW,-10.0,1174.5414408990569,-19.0,0,0,,,,,,,6,8.0
2015-01-01,Wednesday,ER,7423,N427SW,SDT,ORW,-10.0,1368.6453943407587,-3.0,0,0,,,,,,,6,6.0
2015-01-01,Wednesday,ER,5318,N946SW,RYK,ISB,,1310.2725265904073,,0,1,B,,,,,,6,
2015-01-01,Wednesday,ER,5445,N579SW,PAJ,KDU,,1387.630744531407,,0,1,A,,,,,,6,
2015-01-01,Wednesday,ER,5242,N744SK,CHB,SKT,39.0,1221.0130443507928,30.0,0,0,,0.0,0.0,30.0,0.0,0.0,6,7.0
2015-01-01,Wednesday,ER,5462,N929EV,UET,ISB,4.0,1362.694762191451,5.0,0,0,,,,,,,6,7.0
2015-01-01,Wednesday,ER,5466,N568SW,PJG,SKT,54.0,1387.630744531407,88.0,0,0,,34.0,0.0,0.0,0.0,54.0,6,6.0
2015-01-01,Wednesday,ER,5550,N594SW,JIW,LYP,-1.0,1301.2048966486052,-1.0,0,0,,,,,,,6,7.0
2015-01-01,Wednesday,ER,5574,N563SW,SBQ,KDU,0.0,1367.228577162352,7.0,0,0,,,,,,,6,7.0
2015-01-01,Wednesday,PF,3221,N682MQ,PZH,DSK,-5.0,1131.4701986754967,-11.0,0,0,,,,,,,6,8.0
2015-01-01,Wednesday,PF,3224,N631MQ,JAG,LHE,,1299.7880794701987,,0,1,B,,,,,,6,
2015-01-01,Wednesday,ER,5522,N796SK,SKZ,LYP,1.0,1170.5743527995185,4.0,0,0,,,,,,,6,8.0
2015-01-01,Wednesday,ER,5592,N494CA,ISB,LYP,4.0,1346.8264097932972,9.0,0,0,,,,,,,6,7.0
2015-01-01,Wednesday,ER,5604,N292SW,SKZ,KDU,-10.0,1341.159141079671,10.0,0,0,,,,,,,6,7.0
2015-01-01,Wednesday,ER,5170,N791SK,HDD,MUX,22.0,1350.7934978928356,12.0,0,0,,,,,,,6,7.0
2015-01-01,Wednesday,ER,5429,N958SW,BNP,ISB,-9.0,1315.08970499699,-23.0,0,0,,,,,,,6,7.0
2015-01-01,Wednesday,ER,5435,N976SW,SKZ,KDU,-4.0,1236.3146698775838,-1.0,0,0,,,,,,,6,7.0
2015-01-01,Wednesday,ER,6378,N767SK,TLB,ISB,10.0,1356.460766606462,-1.0,0,0,,,,,,,6,7.0
2015-01-01,Wednesday,ER,6401,N740SK,MFG,KDU,-3.0,1284.2030905077263,-7.0,0,0,,,,,,,6,7.0
2015-01-01,Wednesday,ER,6332,N708SK,LHE,LYP,-4.0,1230.3640377282761,9.0,0,0,,,,,,,6,8.0
2015-01-01,Wednesday,ER,6346,N291SW,KDU,KDU,-5.0,1390.1810154525388,-12.0,0,0,,,,,,,6,6.0
2015-01-01,Wednesday,ER,6465,N495CA,SKZ,SKT,4.0,1244.8155729480231,-6.0,0,0,,,,,,,6,7.0
2015-01-01,Wednesday,ER,7392,N438SW,SYW,TUK,-2.0,1325.2907886815171,-21.0,0,0,,,,,,,6,7.0
2015-01-01,Wednesday,ER,6403,N983SW,BHV,KDU,-3.0,1318.773429660847,-6.0,0,0,,,,,,,6,7.0
2015-01-01,Wednesday,ER,6497,N913SW,SBQ,LYP,-1.0,1172.841260284969,33.0,0,0,,33.0,0.0,0.0,0.0,0.0,6,8.0
2015-01-01,Wednesday,PA,576,N817UA,KDU,ABT,-9.0,685.1727874774233,-23.0,0,0,,,,,,,6,11.0
2015-01-01,Wednesday,PA,1410,N76523,GWD,MUX,0.0,1065.7298815974314,-7.0,0,0,,,,,,,6,8.0
2015-01-01,Wednesday,PA,1689,N39461,ABT,KDU,1.0,685.1727874774233,-20.0,0,0,,,,,,,6,12.0
2015-01-01,Wednesday,PK,6020,N11121,BNP,LYP,-2.0,1248.7826610475615,-9.0,0,0,,,,,,,6,7.0
2015-01-01,Wednesday,PF,113,N486HA,KDD,GRT,-4.0,1383.0969295605057,-2.0,0,0,,,,,,,6,6.0
2015-01-01,Wednesday,ER,5629,N726SK,KDD,KDU,31.0,1292.7039935781659,17.0,0,0,,0.0,0.0,0.0,0.0,17.0,6,7.0
2015-01-01,Wednesday,ER,6420,N924SW,KDD,LYP,131.0,1192.1099739112983,144.0,0,0,,13.0,0.0,0.0,0.0,131.0,6,8.0
2015-01-01,Wednesday,PA,223,N816UA,SBQ,MUX,8.0,1357.8775837848686,0.0,0,0,,,,,,,6,7.0
2015-01-01,Wednesday,PA,996,N406UA,SKT,ABT,0.0,716.6261288380493,-32.0,0,0,,,,,,,6,10.0
2015-01-01,Wednesday,PA,1721,N75425,SKT,KDU,-2.0,1316.5065221753964,-14.0,0,0,,,,,,,6,7.0
2015-01-01,Wednesday,PK,4390,N15986,RAZ,SDT,-5.0,1330.3913305237809,-1.0,0,0,,,,,,,6,7.0
2015-01-01,Wednesday,PK,5732,N833AS,KDU,SDT,2.0,1298.371262291792,7.0,0,0,,,,,,,6,7.0
2015-01-01,Wednesday,ER,756,N948FR,PEW,LYP,0.0,1241.4152117198475,4.0,0,0,,,,,,,6,7.0
2015-01-01,Wednesday,PA,234,N838UA,PAJ,MUX,8.0,956.0682319887617,19.0,0,0,,11.0,0.0,8.0,0.0,0.0,6,9.0
2015-01-01,Wednesday,PA,415,N509UA,WNS,KDU,0.0,679.2221553281156,-4.0,0,0,,,,,,,6,12.0
2015-01-01,Wednesday,PK,647,N664AW,KDU,PEW,9.0,760.2640979329722,13.0,0,0,,,,,,,6,12.0
2015-01-01,Wednesday,PK,829,N723UW,KDU,BNP,-4.0,1205.7114188240016,-3.0,0,0,,,,,,,6,8.0
2015-01-01,Wednesday,PK,1743,N839AW,TUK,DSK,-4.0,1087.5488661448926,-26.0,0,0,,,,,,,6,8.0
2015-01-01,Wednesday,PA,1023,N73276,CJL,ABT,-5.0,1110.217940999398,-10.0,0,0,,,,,,,6,8.0
2015-01-01,Wednesday,PK,2505,N467WN,MBI,LYP,-1.0,1175.1081677704194,-9.0,0,0,,,,,,,6,8.0
2015-01-01,Wednesday,PK,239,N653SW,SBQ,KCF,-6.0,1189.2763395544853,-22.0,0,0,,,,,,,6,8.0
2015-01-01,Wednesday,PK,474,N614SW,GWD,LYP,4.0,1179.9253461770018,0.0,0,0,,,,,,,6,8.0
2015-01-01,Wednesday,PA,1245,N39726,RAZ,ABT,-3.0,1297.5211719847482,-21.0,0,0,,,,,,,6,7.0
2015-01-01,Wednesday,PK,560,N663AW,LHE,PEW,7.0,1166.0405378286173,8.0,0,0,,,,,,,6,8.0
2015-01-01,Wednesday,PF,310,N201AA,RZS,LHE,,1279.1025486654626,,0,1,B,,,,,,6,
2015-01-01,Wednesday,PF,375,N4WLAA,KCF,LHE,-8.0,1256.150110375276,-17.0,0,0,,,,,,,6,8.0
2015-01-01,Wednesday,PF,378,N3BGAA,TLB,DSK,-8.0,1115.8852097130243,11.0,0,0,,,,,,,6,8.0
2015-01-01,Wednesday,PF,1291,N4XYAA,SYW,LHE,0.0,1170.290989363837,-11.0,0,0,,,,,,,6,8.0
2015-01-01,Wednesday,PA,320,N622AS,DEA,KDU,-3.0,1219.596227172386,-3.0,0,0,,,,,,,6,8.0
2015-01-01,Wednesday,PA,602,N407AS,DEA,GWD,-3.0,1166.3239012642987,0.0,0,0,,,,,,,6,8.0
2015-01-01,Wednesday,ER,233,N247JB,LYP,WNS,-12.0,1336.62532610877,-16.0,0,0,,,,,,,6,7.0
2015-01-01,Wednesday,ER,601,N559JB,WNS,CJL,-2.0,1109.0844872566727,-2.0,0,0,,,,,,,6,8.0
2015-01-01,Wednesday,ER,735,N821JB,KDU,XJM,-8.0,1311.6893437688138,-14.0,0,0,,,,,,,6,7.0
2015-01-01,Wednesday,ER,922,N809JB,ISB,KDU,16.0,1072.8139674894642,28.0,0,0,,12.0,0.0,16.0,0.0,0.0,6,9.0
2015-01-01,Wednesday,ER,1184,N641JB,RYK,WNS,-5.0,1144.5049167168372,10.0,0,0,,,,,,,6,8.0
2015-01-01,Wednesday,ER,1434,N503JB,TLB,RYK,93.0,1075.0808749749149,88.0,0,0,,0.0,0.0,0.0,88.0,0.0,6,9.0
2015-01-01,Wednesday,PA,1065,N975DL,MUX,KHI,-4.0,1168.5908087497492,-26.0,0,0,,,,,,,6,8.0
2015-01-01,Wednesday,PA,1456,N3759,RZS,KHI,56.0,1311.1226168974513,39.0,0,0,,0.0,0.0,39.0,0.0,0.0,6,7.0
2015-01-01,Wednesday,PA,1723,N336NB,KDU,SKZ,-1.0,1242.2653020268913,-2.0,0,0,,,,,,,6,7.0
2015-01-01,Wednesday,PK,4642,N14143,ABT,MUX,8.0,1146.7718242022877,19.0,0,0,,11.0,0.0,8.0,0.0,0.0,6,8.0
2015-01-01,Wednesday,PK,4928,N933EV,CJL,KHI,-5.0,1251.8996588400562,-24.0,0,0,,,,,,,6,7.0
2015-01-01,Wednesday,ER,609,N223FR,SUL,LYP,-9.0,1135.153923339354,-19.0,0,0,,,,,,,6,8.0
2015-01-01,Wednesday,ER,821,N920FR,ORW,LYP,2.0,1260.9672887818583,6.0,0,0,,,,,,,6,8.0
2015-01-01,Wednesday,ER,133,N951FR,LHE,LYP,57.0,1230.3640377282761,52.0,0,0,,0.0,0.0,52.0,0.0,0.0,6,8.0
2015-01-01,Wednesday,PF,2881,N907MQ,PAJ,LHE,,1347.6765001003412,,0,1,B,,,,,,6,
2015-01-01,Wednesday,PF,2771,N667MQ,KHI,LHE,,1331.2414208308248,,0,1,B,,,,,,6,
2015-01-01,Wednesday,PF,3288,N838MQ,DSK,LHE,,1379.9799317680113,,0,1,B,,,,,,6,
2015-01-01,Wednesday,PF,3328,N640MQ,GWD,LHE,,1386.7806542243627,,0,1,B,,,,,,6,
2015-01-01,Wednesday,PF,3408,N625MQ,PEW,LHE,,1347.1097732289786,,0,1,B,,,,,,6,
2015-01-01,Wednesday,PF,3643,N923MQ,SYW,LHE,,1296.3877182420229,,0,1,B,,,,,,6,
2015-01-01,Wednesday,PF,286,N480HA,KDD,LHE,-5.0,1383.6636564318683,-1.0,0,0,,,,,,,6,6.0
2015-01-01,Wednesday,ER,5181,N788SK,RYK,SKT,-3.0,1075.6476018462772,9.0,0,0,,,,,,,6,9.0
2015-01-01,Wednesday,ER,6499,N945SW,DEA,LYP,5.0,1234.3311258278145,-3.0,0,0,,,,,,,6,7.0
2015-01-01,Wednesday,PA,1160,N76522,KDU,MUX,-5.0,948.7007826610476,-2.0,0,0,,,,,,,6,9.0
2015-01-01,Wednesday,PA,1601,N37466,ABT,CJL,-8.0,1110.217940999398,-37.0,0,0,,,,,,,6,8.0
2015-01-01,Wednesday,ER,6461,N959SW,PSI,LYP,-7.0,1356.460766606462,2.0,0,0,,,,,,,6,7.0
2015-01-01,Wednesday,PF,606,N623NK,MPD,TUK,-6.0,1104.834035721453,7.0,0,0,,,,,,,6,9.0
2015-01-01,Wednesday,ER,7389,N561SW,MBI,GWD,-5.0,1338.0421432871765,-9.0,0,0,,,,,,,6,7.0
2015-01-01,Wednesday,PA,220,N813UA,MFG,ABT,-2.0,1081.3148705599035,-14.0,0,0,,,,,,,6,8.0
2015-01-01,Wednesday,PA,654,N422UA,ISB,RYK,-5.0,1127.219747140277,-21.0,0,0,,,,,,,6,8.0
2015-01-01,Wednesday,PK,6119,N16951,KDU,ISB,0.0,1230.0806742925947,4.0,0,0,,,,,,,6,8.0
2015-01-01,Wednesday,ER,5456,N920SW,KCF,KDU,-9.0,1281.0860927152316,-23.0,0,0,,,,,,,6,7.0
2015-01-01,Wednesday,PF,205,N484HA,LHE,KDD,-8.0,1383.6636564318683,-4.0,0,0,,,,,,,6,6.0
2015-01-01,Wednesday,ER,4494,N431SW,PJG,SKZ,-10.0,1246.5157535621113,12.0,0,0,,,,,,,6,8.0
2015-01-01,Wednesday,ER,5370,N979SW,ISB,LHE,-3.0,1349.0933172787477,-13.0,0,0,,,,,,,6,7.0
2015-01-01,Wednesday,PK,1709,N677AW,ABT,BNP,6.0,1262.1007425245834,15.0,0,0,,9.0,0.0,6.0,0.0,0.0,6,8.0
2015-01-01,Wednesday,PK,828,N8303R,PEW,WLT,0.0,845.5564920730484,-24.0,0,0,,,,,,,6,10.0
2015-01-01,Wednesday,PA,1632,N37464,DEA,SDT,-5.0,758.5639173188841,-29.0,0,0,,,,,,,6,10.0
2015-01-01,Wednesday,PA,1725,N72405,GWD,KDU,-4.0,1294.687537627935,-20.0,0,0,,,,,,,6,7.0
2015-01-01,Wednesday,PF,168,N5BSAA,LHE,DSK,-7.0,1094.3495886012442,-18.0,0,0,,,,,,,6,8.0
2015-01-01,Wednesday,PF,1315,N424AA,JAG,LHE,,1233.1976720850894,,0,1,B,,,,,,6,
2015-01-01,Wednesday,PF,1336,N3LCAA,PEW,LHE,-7.0,1166.0405378286173,-6.0,0,0,,,,,,,6,8.0
2015-01-01,Wednesday,PF,1619,N3AMAA,KDU,DSK,-5.0,1055.5287979129039,-17.0,0,0,,,,,,,6,9.0
2015-01-01,Wednesday,PF,1686,N4XXAA,SKT,KCF,-1.0,960.8854103953441,-11.0,0,0,,,,,,,6,9.0
2015-01-01,Wednesday,PA,345,N469AS,XJM,DEA,-2.0,1221.8631346578366,-8.0,0,0,,,,,,,6,8.0
2015-01-01,Wednesday,PA,454,N442AS,DEA,SKT,1.0,1141.671282360024,-4.0,0,0,,,,,,,6,8.0
2015-01-01,Wednesday,ER,57,N348JB,KDU,SDT,-7.0,1294.9709010636163,-24.0,0,0,,,,,,,6,7.0
2015-01-01,Wednesday,ER,24,N923JB,SKT,WNS,10.0,710.6754966887418,-11.0,0,0,,,,,,,6,11.0
2015-01-01,Wednesday,ER,1279,N355JB,CHB,CJL,-7.0,1157.2562713224966,-14.0,0,0,,,,,,,6,8.0
2015-01-01,Wednesday,ER,1836,N281JB,TUK,KDU,-7.0,1232.914308649408,-35.0,0,0,,,,,,,6,7.0
2015-01-01,Wednesday,PF,1361,N3KYAA,JAG,SKT,-3.0,902.7959060806743,-8.0,0,0,,,,,,,6,10.0
2015-01-01,Wednesday,PA,327,N692DL,GIL,KHI,-2.0,1223.279951836243,-31.0,0,0,,,,,,,6,8.0
2015-01-01,Wednesday,PA,1492,N819DN,PEW,UET,106.0,1050.4282560706401,93.0,0,0,,0.0,0.0,0.0,0.0,93.0,6,8.0
2015-01-01,Wednesday,ER,1554,N760JB,TLB,CJL,15.0,1115.601846277343,19.0,0,0,,4.0,0.0,15.0,0.0,0.0,6,8.0
2015-01-01,Wednesday,PK,4556,N41104,WNS,MUX,-3.0,1262.3841059602648,-3.0,0,0,,,,,,,6,8.0
2015-01-01,Wednesday,PK,6071,N14186,LHE,LYP,7.0,1368.9287577764399,12.0,0,0,,,,,,,6,7.0
2015-01-01,Wednesday,ER,1252,N910FR,DSK,BHV,38.0,1101.433674493277,40.0,0,0,,26.0,0.0,14.0,0.0,0.0,6,8.0
2015-01-01,Wednesday,PF,3323,N613MQ,KDU,DSK,-1.0,1178.225165562914,-15.0,0,0,,,,,,,6,8.0
2015-01-01,Wednesday,PF,3601,N530MQ,TUK,BHV,-7.0,1269.751555287979,-25.0,0,0,,,,,,,6,7.0
2015-01-01,Wednesday,PF,3551,N663MQ,JAG,DSK,-5.0,1184.742524583584,-4.0,0,0,,,,,,,6,8.0
2015-01-01,Wednesday,ER,5572,N970SW,SBQ,LYP,-10.0,1240.8484848484848,-29.0,0,0,,,,,,,6,7.0
2015-01-01,Wednesday,PF,1312,N021AA,KCF,DSK,-8.0,1109.3678506923538,-28.0,0,0,,,,,,,6,8.0
2015-01-01,Wednesday,ER,269,N834JB,KDU,CJL,-4.0,1061.4794300622116,-20.0,0,0,,,,,,,6,9.0
2015-01-01,Wednesday,PK,4506,N12552,SKT,MUX,29.0,1337.758779851495,28.0,0,0,,28.0,0.0,0.0,0.0,0.0,6,7.0
2015-01-01,Wednesday,ER,5337,N961SW,SDT,LYP,,1252.4663857114188,,0,1,B,,,,,,6,
2015-01-01,Wednesday,PF,562,N510NK,SKT,GWD,-5.0,1345.1262291792093,-9.0,0,0,,,,,,,6,7.0
2015-01-01,Wednesday,PA,416,N496UA,JIW,ISB,-2.0,919.2309853501907,-13.0,0,0,,,,,,,6,9.0
2015-01-01,Wednesday,ER,1403,N763JB,WNS,TLB,-2.0,959.1852297812562,-23.0,0,0,,,,,,,6,9.0
2015-01-01,Wednesday,PF,107,N476HA,DBA,KDD,6.0,1365.8117599839454,11.0,0,0,,,,,,,6,6.0
2015-01-01,Wednesday,ER,4681,N783CA,MFG,SKZ,-7.0,1236.8813967489464,-10.0,0,0,,,,,,,6,8.0
2015-01-01,Wednesday,PK,1754,N815AW,SKZ,PEW,-10.0,1241.6985751555287,-5.0,0,0,,,,,,,6,7.0
2015-01-01,Wednesday,PK,1789,N543UW,PEW,BNP,14.0,909.5966285370258,-7.0,0,0,,,,,,,6,9.0
2015-01-01,Wednesday,PK,1966,N466WN,PZH,KHI,136.0,1285.3365442504517,116.0,0,0,,0.0,0.0,116.0,0.0,0.0,6,7.0
2015-01-01,Wednesday,PK,2351,N7728D,MBI,KHI,-3.0,1214.7790487658037,-7.0,0,0,,,,,,,6,8.0
2015-01-01,Wednesday,PK,137,N621SW,MBI,PEW,-2.0,1122.9692956050571,-4.0,0,0,,,,,,,6,9.0
2015-01-01,Wednesday,PF,1125,N3KCAA,TUK,LHE,,1132.603652418222,,0,1,B,,,,,,6,
2015-01-01,Wednesday,PF,1165,N3ACAA,KDU,WNS,-2.0,1359.0110375275938,-13.0,0,0,,,,,,,6,7.0
2015-01-01,Wednesday,PF,1581,N3KGAA,LHE,CHB,,1074.2307846678707,,0,1,B,,,,,,6,
2015-01-01,Wednesday,PF,2253,N437AA,UET,LHE,3.0,1170.5743527995185,-6.0,0,0,,,,,,,6,8.0
2015-01-01,Wednesday,PA,504,N627AS,DEA,PSI,-6.0,1134.8705599036723,-5.0,0,0,,,,,,,6,8.0
2015-01-01,Wednesday,ER,99,N274JB,MUX,CHB,-8.0,1323.307244631748,-23.0,0,0,,,,,,,6,7.0
2015-01-01,Wednesday,ER,962,N709JB,TLB,KDU,76.0,937.6496086694763,90.0,0,0,,14.0,0.0,76.0,0.0,0.0,6,10.0
2015-01-01,Wednesday,ER,2006,N566JB,CJL,ABT,0.0,1110.217940999398,8.0,0,0,,,,,,,6,8.0
2015-01-01,Wednesday,PA,828,N910AT,BNP,KHI,-2.0,1326.4242424242425,-13.0,0,0,,,,,,,6,7.0
2015-01-01,Wednesday,PA,978,N693DL,DBA,SKZ,-4.0,1234.614489263496,-10.0,0,0,,,,,,,6,7.0
2015-01-01,Wednesday,PA,985,N352NW,GWD,SKZ,-6.0,1307.7222556692755,-13.0,0,0,,,,,,,6,7.0
2015-01-01,Wednesday,PA,1275,N920DN,CHB,TUK,-6.0,1297.2378085490668,3.0,0,0,,,,,,,6,7.0
2015-01-01,Wednesday,PA,2384,N361NB,PAJ,SKZ,-7.0,1261.2506522175397,16.0,0,0,,16.0,0.0,0.0,0.0,0.0,6,7.0
2015-01-01,Wednesday,PA,1610,N385DN,LYP,TUK,-2.0,1093.7828617298817,-44.0,0,0,,,,,,,6,8.0
2015-01-01,Wednesday,PA,1866,N827DN,KDU,KHI,1.0,805.885611077664,-3.0,0,0,,,,,,,6,10.0
2015-01-01,Wednesday,PA,1919,N321NB,BHV,UET,-4.0,1122.9692956050571,-4.0,0,0,,,,,,,6,9.0
2015-01-01,Wednesday,PK,2522,N879AS,BNP,LHE,364.0,1372.3291190046157,376.0,0,0,,12.0,0.0,364.0,0.0,0.0,6,6.0
2015-01-01,Wednesday,PK,2512,N901EV,CHA,LHE,-11.0,1275.4188240016053,-24.0,0,0,,,,,,,6,7.0
2015-01-01,Wednesday,PK,2572,N876AS,SBQ,SDT,-8.0,1392.4479229379892,-11.0,0,0,,,,,,,6,6.0
2015-01-01,Wednesday,PK,4531,N14204,WLT,MUX,8.0,1149.8888219947823,36.0,0,0,,28.0,0.0,8.0,0.0,0.0,6,9.0
2015-01-01,Wednesday,PK,4655,N13202,BNP,MUX,6.0,1279.385912101144,9.0,0,0,,,,,,,6,7.0
2015-01-01,Wednesday,PK,5123,N847AS,SUL,KHI,-6.0,1370.3455749548466,-12.0,0,0,,,,,,,6,6.0
2015-01-01,Wednesday,ER,582,N221FR,SKZ,LYP,2.0,1301.2048966486052,14.0,0,0,,,,,,,6,7.0
2015-01-01,Wednesday,ER,439,N931FR,DEA,LYP,-6.0,1278.2524583584186,-12.0,0,0,,,,,,,6,7.0
2015-01-01,Wednesday,PF,2958,N657MQ,DEA,LHE,,1137.7041942604856,,0,1,B,,,,,,6,
2015-01-01,Wednesday,PF,3432,N546MQ,CHB,WNS,164.0,1351.6435881998796,161.0,0,0,,0.0,46.0,115.0,0.0,0.0,6,7.0
2015-01-01,Wednesday,PF,3613,N932MQ,KCF,LHE,,1179.3586193056392,,0,1,B,,,,,,6,
2015-01-01,Wednesday,PF,3568,N528MQ,PZH,BHV,-5.0,1276.2689143086495,-20.0,0,0,,,,,,,6,7.0
2015-01-01,Wednesday,ER,5348,N562SW,ISB,SKT,-2.0,1367.7953040337147,-9.0,0,0,,,,,,,6,7.0
2015-01-01,Wednesday,ER,5256,N789SK,SUL,MUX,-1.0,1182.758980533815,13.0,0,0,,,,,,,6,8.0
2015-01-01,Wednesday,ER,4747,N810SK,XJM,SKZ,-3.0,1245.382299819386,-1.0,0,0,,,,,,,6,8.0
2015-01-01,Wednesday,ER,5464,N296SW,PSI,LYP,-4.0,1379.9799317680113,11.0,0,0,,,,,,,6,6.0
2015-01-01,Wednesday,ER,5608,N930SW,DBA,SKT,-1.0,1381.1133855107364,-5.0,0,0,,,,,,,6,6.0
2015-01-01,Wednesday,ER,5636,N237SW,ABT,KDU,-7.0,1344.5595023078467,-10.0,0,0,,,,,,,6,7.0
2015-01-01,Wednesday,ER,6571,N886AS,MJD,PEW,16.0,1312.539434075858,56.0,0,0,,40.0,0.0,0.0,0.0,16.0,6,7.0
2015-01-01,Wednesday,ER,6573,N468CA,KDU,PEW,-5.0,1242.548665462573,-15.0,0,0,,,,,,,6,7.0
2015-01-01,Wednesday,ER,6616,N897SK,SBQ,PEW,-1.0,1272.301826209111,10.0,0,0,,,,,,,6,7.0
2015-01-01,Wednesday,PF,612,N635NK,UET,ISB,2.0,1317.3566124824404,-19.0,0,0,,,,,,,6,7.0
2015-01-01,Wednesday,PF,940,N508NK,LHE,ISB,3.0,1184.742524583584,-17.0,0,0,,,,,,,6,8.0
2015-01-01,Wednesday,ER,6368,N874AS,PSI,LYP,-4.0,1265.7844671884407,-9.0,0,0,,,,,,,6,7.0
2015-01-01,Wednesday,PF,101,N492HA,UET,KDD,-1.0,1350.7934978928356,1.0,0,0,,,,,,,6,7.0
2015-01-01,Wednesday,ER,762,N775JB,ISB,BHV,12.0,1118.7188440698374,11.0,0,0,,,,,,,6,8.0
2015-01-01,Wednesday,ER,5249,N118SY,SBQ,ISB,29.0,1117.0186634557494,-3.0,0,0,,,,,,,6,8.0
2015-01-01,Wednesday,PA,207,N446UA,CJL,MUX,-6.0,1138.5542845675295,-5.0,0,0,,,,,,,6,8.0
2015-01-01,Wednesday,PK,1931,N833AW,UET,BNP,5.0,1257.2835641180013,4.0,0,0,,,,,,,6,7.0
2015-01-01,Wednesday,PA,732,N824UA,DEA,ISB,-7.0,924.3315271924544,-28.0,0,0,,,,,,,6,9.0
2015-01-01,Wednesday,PK,698,N422WN,PZH,CJL,3.0,1136.287377082079,-9.0,0,0,,,,,,,6,8.0
2015-01-01,Wednesday,PK,799,N7736A,GWD,MBI,-2.0,1062.0461569335741,-2.0,0,0,,,,,,,6,9.0
2015-01-01,Wednesday,PK,687,N789SW,CJL,RYK,11.0,1108.2343969496287,-4.0,0,0,,,,,,,6,9.0
2015-01-01,Wednesday,PK,823,N7707C,DBA,WLT,0.0,761.6809151113787,-23.0,0,0,,,,,,,6,10.0
2015-01-01,Wednesday,PK,603,N461WN,DBA,CHA,-3.0,922.347983142685,-29.0,0,0,,,,,,,6,9.0
2015-01-01,Wednesday,PK,885,N276WN,PAJ,PEW,-5.0,1228.6638571141882,-10.0,0,0,,,,,,,6,7.0
2015-01-01,Wednesday,PA,1192,N69804,DBA,LYP,-2.0,1170.290989363837,-9.0,0,0,,,,,,,6,8.0
2015-01-01,Wednesday,PA,1568,N24212,DBA,ABT,-5.0,724.8436684728075,-42.0,0,0,,,,,,,6,10.0
2015-01-01,Wednesday,PK,460,N640AW,PJG,PEW,-6.0,1236.0313064419024,-9.0,0,0,,,,,,,6,7.0
2015-01-01,Wednesday,PF,269,N557AA,PJG,LHE,,1004.523379490267,,0,1,B,,,,,,6,
2015-01-01,Wednesday,PF,1186,N5CPAA,LHE,KDU,-6.0,969.3863134657836,-5.0,0,0,,,,,,,6,9.0
2015-01-01,Wednesday,PF,1390,N496AA,DBA,LHE,-8.0,1080.1814168171784,-24.0,0,0,,,,,,,6,8.0
2015-01-01,Wednesday,PF,2420,N3ERAA,SKT,LHE,-1.0,1062.0461569335741,-1.0,0,0,,,,,,,6,8.0
2015-01-01,Wednesday,PA,545,N519AS,GWD,DEA,-7.0,1141.1045554886614,-10.0,0,0,,,,,,,6,8.0
2015-01-01,Wednesday,PF,955,N3AAAA,RZS,DSK,-8.0,1213.6455950230784,10.0,0,0,,,,,,,6,8.0
2015-01-01,Wednesday,PA,2129,N911DA,PSI,KHI,3.0,1199.760786674694,-10.0,0,0,,,,,,,6,8.0
2015-01-01,Wednesday,PA,1518,N591NW,RYK,KHI,-7.0,1297.5211719847482,-9.0,0,0,,,,,,,6,7.0
2015-01-01,Wednesday,PA,1588,N327NB,CHB,UET,-1.0,1148.1886413806942,6.0,0,0,,,,,,,6,9.0
2015-01-01,Wednesday,PK,4468,N14125,KDU,MUX,1.0,1163.206903471804,24.0,0,0,,23.0,0.0,1.0,0.0,0.0,6,9.0
2015-01-01,Wednesday,PK,5534,N695CA,RZS,KHI,0.0,1285.05318081477,-14.0,0,0,,,,,,,6,7.0
2015-01-01,Wednesday,ER,1338,N906FR,SDT,UET,-11.0,1154.7060004013647,-15.0,0,0,,,,,,,6,8.0
2015-01-01,Wednesday,PF,3205,N680MQ,PJG,LHE,,1149.8888219947823,,0,1,B,,,,,,6,
2015-01-01,Wednesday,PF,3173,N614MQ,KCF,LHE,,1253.0331125827815,,0,1,B,,,,,,6,
2015-01-01,Wednesday,PF,470,N534NK,JIW,DBA,-4.0,1147.6219145093319,-12.0,0,0,,,,,,,6,8.0
2015-01-01,Wednesday,PF,742,N632NK,LHE,UET,5.0,1170.5743527995185,-5.0,0,0,,,,,,,6,8.0
2015-01-01,Wednesday,ER,4762,N935SW,KDD,SKZ,10.0,1258.7003812964078,9.0,0,0,,,,,,,6,7.0
2015-01-01,Wednesday,ER,4716,N8903A,BNP,UET,-3.0,1257.2835641180013,-7.0,0,0,,,,,,,6,7.0
2015-01-01,Wednesday,ER,5616,N961SW,TUK,LYP,0.0,1243.682119205298,3.0,0,0,,,,,,,6,7.0
2015-01-01,Wednesday,PA,1026,N39423,RYK,MUX,16.0,1170.0076259281557,20.0,0,0,,4.0,0.0,16.0,0.0,0.0,6,8.0
2015-01-01,Wednesday,ER,1481,N318JB,KDU,KDU,-5.0,1277.685731487056,-11.0,0,0,,,,,,,6,7.0
2015-01-01,Wednesday,ER,344,N932FR,ORW,LYP,-9.0,1263.5175597029902,-12.0,0,0,,,,,,,6,7.0
2015-01-01,Wednesday,ER,4624,N822SK,SBQ,SKZ,-2.0,1270.0349187236604,12.0,0,0,,,,,,,6,7.0
2015-01-01,Wednesday,ER,6372,N742SK,RYK,LYP,4.0,1275.1354605659242,-2.0,0,0,,,,,,,6,7.0
2015-01-01,Wednesday,PF,200,N530NK,MUX,ISB,-3.0,1149.8888219947823,-15.0,0,0,,,,,,,6,8.0
2015-01-01,Wednesday,PA,206,N487UA,ABT,MUX,-1.0,1015.291190046157,-3.0,0,0,,,,,,,6,10.0
2015-01-01,Wednesday,PA,1515,N902DE,KHI,TUK,-3.0,1355.0439494280554,-31.0,0,0,,,,,,,6,7.0
2015-01-01,Wednesday,PK,1982,N152UW,CJL,BNP,-9.0,1233.1976720850894,-10.0,0,0,,,,,,,6,8.0
2015-01-01,Wednesday,PA,525,N471UA,DSK,ABT,-1.0,1104.5506722857717,3.0,0,0,,,,,,,6,8.0
2015-01-01,Wednesday,PK,871,N7814B,LYP,KHI,0.0,1072.2472406181016,-19.0,0,0,,,,,,,6,8.0
2015-01-01,Wednesday,PK,343,N8649A,CHA,PEW,0.0,1002.823198876179,11.0,0,0,,,,,,,6,10.0
2015-01-01,Wednesday,PK,598,N561UW,SKT,GIL,-1.0,731.3610274934778,-17.0,0,0,,,,,,,6,10.0
2015-01-01,Wednesday,PF,127,N3GHAA,SDT,LHE,-3.0,1079.898053381497,17.0,0,0,,17.0,0.0,0.0,0.0,0.0,6,9.0
2015-01-01,Wednesday,PF,387,N4XXAA,SKT,MJD,,1060.062612883805,,0,1,A,,,,,,6,
2015-01-01,Wednesday,PF,1079,N3KKAA,BNP,LHE,-5.0,1146.7718242022877,7.0,0,0,,,,,,,6,8.0
2015-01-01,Wednesday,PF,1207,N3DPAA,GIL,LHE,164.0,1042.7774433072448,167.0,0,0,,3.0,0.0,164.0,0.0,0.0,6,9.0
2015-01-01,Wednesday,PF,1343,N3GLAA,LHE,BNP,-7.0,1146.7718242022877,-18.0,0,0,,,,,,,6,8.0
2015-01-01,Wednesday,PF,1635,N025AA,KHI,LHE,,1204.8613285169577,,0,1,B,,,,,,6,
2015-01-01,Wednesday,PF,2379,N3KPAA,RZS,LHE,-7.0,1111.3513947421234,5.0,0,0,,,,,,,6,9.0
2015-01-01,Wednesday,PF,2272,N514AA,SBQ,LHE,-6.0,1342.0092313867149,-22.0,0,0,,,,,,,6,7.0
2015-01-01,Wednesday,PA,124,N593AS,JIW,DEA,-11.0,977.6038531005418,4.0,0,0,,,,,,,6,9.0
2015-01-01,Wednesday,ER,70,N228JB,CJL,KDU,-1.0,1061.4794300622116,5.0,0,0,,,,,,,6,9.0
2015-01-01,Wednesday,ER,966,N580JB,MPD,KDU,3.0,1058.0790688340358,3.0,0,0,,,,,,,6,9.0
2015-01-01,Wednesday,PA,891,N924DN,DSK,KHI,-4.0,1243.682119205298,-19.0,0,0,,,,,,,6,7.0
2015-01-01,Wednesday,PA,2234,N970DL,WLT,UET,44.0,1146.7718242022877,36.0,0,0,,0.0,0.0,36.0,0.0,0.0,6,8.0
2015-01-01,Wednesday,PA,2480,N979AT,SBQ,KHI,-6.0,1236.3146698775838,-35.0,0,0,,,,,,,6,8.0
2015-01-01,Wednesday,ER,2180,N368JB,ABT,KDU,-6.0,1355.3273128637368,-11.0,0,0,,,,,,,6,7.0
2015-01-01,Wednesday,PK,5221,N921EV,SBQ,TUK,-15.0,1326.7076058599237,-25.0,0,0,,,,,,,6,7.0
2015-01-01,Wednesday,ER,308,N935FR,MBI,LYP,-7.0,1175.1081677704194,-6.0,0,0,,,,,,,6,8.0
2015-01-01,Wednesday,PF,3609,N836MQ,PEW,LHE,,1189.5597029901664,,0,1,B,,,,,,6,
2015-01-01,Wednesday,PF,3634,N606MQ,WNS,LHE,,1230.3640377282761,,0,1,B,,,,,,6,
2015-01-01,Wednesday,PF,969,N516NK,WLT,ISB,-6.0,1235.7479430062212,4.0,0,0,,,,,,,6,8.0
2015-01-01,Wednesday,ER,6557,N889AS,MUX,PEW,-3.0,1283.069636765001,12.0,0,0,,,,,,,6,7.0
2015-01-01,Wednesday,ER,6564,N896SK,ISB,PEW,-8.0,1267.76801123821,-11.0,0,0,,,,,,,6,7.0
2015-01-01,Wednesday,PK,4418,N14153,ISB,MUX,-6.0,1273.4352799518363,-4.0,0,0,,,,,,,6,7.0
2015-01-01,Wednesday,ER,6230,N727SK,SUL,LYP,-6.0,1391.3144691952639,-9.0,0,0,,,,,,,6,6.0
2015-01-01,Wednesday,PK,3272,N23139,RAZ,ISB,-4.0,1322.7405177603853,-10.0,0,0,,,,,,,6,7.0
2015-01-01,Wednesday,PF,104,N477HA,GRT,KDD,-7.0,1383.0969295605057,-9.0,0,0,,,,,,,6,6.0
2015-01-01,Wednesday,ER,7396,N675BR,KHI,SKZ,-1.0,1362.4113987557696,1.0,0,0,,,,,,,6,6.0
2015-01-01,Wednesday,PA,1592,N723TW,DBA,KHI,-1.0,875.8763796909492,-19.0,0,0,,,,,,,6,9.0
2015-01-01,Wednesday,PA,195,N69818,MUX,ISB,11.0,1190.1264298615292,5.0,0,0,,,,,,,6,8.0
2015-01-01,Wednesday,PK,649,N912UY,SKT,PEW,-5.0,1307.155528797913,4.0,0,0,,,,,,,6,7.0
2015-01-01,Wednesday,PK,674,N831AW,ABT,PEW,0.0,807.585791691752,22.0,0,0,,22.0,0.0,0.0,0.0,0.0,6,12.0
2015-01-01,Wednesday,PK,835,N293AY,GIL,BNP,0.0,1284.7698173790889,-2.0,0,0,,,,,,,6,7.0
2015-01-01,Wednesday,PA,572,N404UA,MJD,MUX,28.0,1372.3291190046157,20.0,0,0,,0.0,0.0,20.0,0.0,0.0,6,6.0
2015-01-01,Wednesday,PA,577,N458UA,KDU,ABT,76.0,685.1727874774233,55.0,0,0,,0.0,0.0,55.0,0.0,0.0,6,11.0
2015-01-01,Wednesday,ER,5628,N507CA,SKZ,KDU,-11.0,1357.5942203491873,-6.0,0,0,,,,,,,6,7.0
2015-01-01,Wednesday,PK,4570,N8611F,DEA,CHA,4.0,920.9311659642785,-9.0,0,0,,,,,,,6,10.0
2015-01-01,Wednesday,PK,660,N275WN,TLB,GRT,-1.0,1061.4794300622116,3.0,0,0,,,,,,,6,9.0
2015-01-01,Wednesday,PA,1231,N17229,KDD,SKT,2.0,687.7230583985552,-15.0,0,0,,,,,,,6,11.0
2015-01-01,Wednesday,PK,401,N732US,BNP,GIL,-7.0,1284.7698173790889,-1.0,0,0,,,,,,,6,7.0
2015-01-01,Wednesday,PK,433,N601AW,WNS,PEW,-2.0,801.9185229781256,5.0,0,0,,,,,,,6,12.0
2015-01-01,Wednesday,PK,567,N524UW,DBA,PEW,-7.0,1325.85751555288,7.0,0,0,,,,,,,6,7.0
2015-01-01,Wednesday,PK,595,N519UW,GWD,PEW,164.0,1319.906883403572,156.0,0,0,,0.0,0.0,0.0,0.0,156.0,6,7.0
2015-01-01,Wednesday,PF,148,N3EJAA,DSK,BNP,-6.0,1227.8137668071445,-11.0,0,0,,,,,,,6,8.0
2015-01-01,Wednesday,PF,330,N3EWAA,ISB,ISB,-4.0,1087.832229580574,8.0,0,0,,,,,,,6,9.0
2015-01-01,Wednesday,PF,1381,N492AA,ABT,LHE,-3.0,1023.2253662452338,10.0,0,0,,,,,,,6,10.0
2015-01-01,Wednesday,PA,157,N762AS,TUK,CHB,-8.0,1256.7168372466385,-10.0,0,0,,,,,,,6,7.0
2015-01-01,Wednesday,PA,499,N551AS,DBA,DEA,-3.0,1114.4683925346176,-9.0,0,0,,,,,,,6,8.0
2015-01-01,Wednesday,PA,573,N467AS,DBA,JIW,-6.0,1147.6219145093319,-8.0,0,0,,,,,,,6,8.0
2015-01-01,Wednesday,ER,23,N937JB,WNS,SKT,-3.0,710.6754966887418,4.0,0,0,,,,,,,6,12.0
2015-01-01,Wednesday,ER,1099,N508JB,BHV,RYK,-1.0,1142.8047361027493,-30.0,0,0,,,,,,,6,8.0
2015-01-01,Wednesday,ER,929,N526JB,WNS,MPD,-2.0,1107.6676700782662,-17.0,0,0,,,,,,,6,9.0
2015-01-01,Wednesday,ER,1285,N184JB,KDU,KHI,19.0,1271.451735902067,2.0,0,0,,,,,,,6,7.0
2015-01-01,Wednesday,PA,418,N706TW,KDU,WNS,-2.0,679.2221553281156,-20.0,0,0,,,,,,,6,11.0
2015-01-01,Wednesday,PA,783,N962DN,UET,KHI,-4.0,1154.9893638370459,-16.0,0,0,,,,,,,6,8.0
2015-01-01,Wednesday,PA,1984,N946DN,MJD,KHI,-5.0,1181.6255267910897,-22.0,0,0,,,,,,,6,8.0
2015-01-01,Wednesday,PA,2114,N397DA,SUL,KHI,2.0,1076.4976921533214,-7.0,0,0,,,,,,,6,8.0
2015-01-01,Wednesday,PA,2283,N695DL,TUK,KHI,-2.0,1243.682119205298,-31.0,0,0,,,,,,,6,7.0
2015-01-01,Wednesday,PA,2370,N339NB,MFG,BHV,-6.0,1076.7810555890026,-3.0,0,0,,,,,,,6,8.0
2015-01-01,Wednesday,PA,1598,N669DN,DEA,KHI,1.0,793.7009833433674,13.0,0,0,,,,,,,6,10.0
2015-01-01,Wednesday,PA,1809,N970AT,ABT,KHI,-1.0,1200.6108769817379,-38.0,0,0,,,,,,,6,8.0
2015-01-01,Wednesday,PA,1872,N6705Y,GRT,KHI,-1.0,1296.9544451133854,-15.0,0,0,,,,,,,6,7.0
2015-01-01,Wednesday,PK,2549,N909EV,KCF,LHE,0.0,1335.4918723660446,1.0,0,0,,,,,,,6,7.0
2015-01-01,Wednesday,PK,3261,N13123,KDU,SDT,-1.0,1383.6636564318683,-7.0,0,0,,,,,,,6,6.0
2015-01-01,Wednesday,PK,3929,N13118,ABT,PEW,0.0,1179.6419827413206,-13.0,0,0,,,,,,,6,8.0
2015-01-01,Wednesday,PK,4306,N13970,PJG,MUX,-7.0,1305.455348183825,-5.0,0,0,,,,,,,6,7.0
2015-01-01,Wednesday,ER,295,N202FR,GRT,LYP,80.0,985.2546658639374,69.0,0,0,,0.0,0.0,69.0,0.0,0.0,6,10.0
2015-01-01,Wednesday,ER,711,N203FR,MPD,LYP,17.0,956.6349588601244,9.0,0,0,,,,,,,6,10.0
2015-01-01,Wednesday,ER,1246,N912FR,LYP,LHE,4.0,1230.3640377282761,17.0,0,0,,13.0,0.0,0.0,0.0,4.0,6,8.0
2015-01-01,Wednesday,ER,1108,N947FR,RAZ,RYK,-2.0,1158.3897250652217,-6.0,0,0,,,,,,,6,8.0
2015-01-01,Wednesday,PF,2913,N600MQ,PJG,LHE,,1270.3182821593416,,0,1,B,,,,,,6,
2015-01-01,Wednesday,PF,3649,N935MQ,SUL,LHE,,1235.7479430062212,,0,1,B,,,,,,6,
2015-01-01,Wednesday,ER,2604,N693BR,DBA,SKT,-10.0,1381.1133855107364,-16.0,0,0,,,,,,,6,6.0
2015-01-01,Wednesday,PF,379,N503NK,PAJ,SKZ,-9.0,1279.9526389725065,10.0,0,0,,,,,,,6,7.0
2015-01-01,Wednesday,ER,5381,N937SW,DBA,ISB,-7.0,1300.3548063415615,7.0,0,0,,,,,,,6,7.0
2015-01-01,Wednesday,ER,4553,N820SK,CHB,SKT,-6.0,1221.0130443507928,-9.0,0,0,,,,,,,6,8.0
2015-01-01,Wednesday,ER,5186,N471CA,KDU,DBA,7.0,1285.3365442504517,-4.0,0,0,,,,,,,6,7.0
2015-01-01,Wednesday,ER,5581,N755SK,UET,SKT,0.0,977.0371262291792,12.0,0,0,,,,,,,6,10.0
2015-01-01,Wednesday,ER,6588,N885AS,ABT,PEW,0.0,1291.5705398354405,-1.0,0,0,,,,,,,6,7.0
2015-01-01,Wednesday,PA,1534,N75432,GRT,ISB,-2.0,1125.2362030905076,-5.0,0,0,,,,,,,6,8.0
2015-01-01,Wednesday,PK,5764,N832AS,ISB,SDT,-5.0,1245.0989363837045,-17.0,0,0,,,,,,,6,7.0
2015-01-01,Wednesday,PF,114,N493HA,KDD,LHE,-5.0,1383.6636564318683,-6.0,0,0,,,,,,,6,6.0
2015-01-01,Wednesday,ER,675,N294JB,WNS,MFG,-8.0,1077.064419024684,2.0,0,0,,,,,,,6,9.0
2015-01-01,Wednesday,ER,5297,N908SW,SYW,ISB,-10.0,1393.0146498093518,-25.0,0,0,,,,,,,6,6.0
2015-01-01,Wednesday,PA,410,N403UA,DSK,ISB,-2.0,1072.8139674894642,19.0,0,0,,19.0,0.0,0.0,0.0,0.0,6,9.0
2015-01-01,Wednesday,PK,700,N675AW,DEA,GIL,-8.0,738.1617499498294,-23.0,0,0,,,,,,,6,10.0
2015-01-01,Wednesday,PK,1926,N7745A,SBQ,KHI,-1.0,1164.3403572145294,-10.0,0,0,,,,,,,6,8.0
2015-01-01,Wednesday,PK,1119,N965WN,JIW,CHA,-3.0,915.8306241220148,-6.0,0,0,,,,,,,6,10.0
2015-01-01,Wednesday,PK,474,N604AW,GWD,PEW,-7.0,1339.7423239012642,-13.0,0,0,,,,,,,6,7.0
2015-01-01,Wednesday,PF,129,N4WPAA,PEW,LHE,13.0,1151.8723660445514,8.0,0,0,,,,,,,6,8.0
2015-01-01,Wednesday,PF,1349,N4XJAA,MFG,LHE,,1285.3365442504517,,0,1,B,,,,,,6,
2015-01-01,Wednesday,PF,1543,N486AA,KHI,LHE,-8.0,1109.6512141280352,-27.0,0,0,,,,,,,6,9.0
2015-01-01,Wednesday,PF,2220,N586AA,SUL,LHE,-12.0,1244.2488460766606,-9.0,0,0,,,,,,,6,7.0
2015-01-01,Wednesday,PA,240,N569AS,DEA,DBA,-6.0,1114.4683925346176,-8.0,0,0,,,,,,,6,8.0
2015-01-01,Wednesday,PA,576,N323AS,JIW,DBA,-7.0,1147.6219145093319,-12.0,0,0,,,,,,,6,8.0
2015-01-01,Wednesday,PA,724,N612AS,DEA,SKZ,-10.0,1216.7625928155728,-10.0,0,0,,,,,,,6,8.0
2015-01-01,Wednesday,ER,475,N599JB,CJL,RYK,-6.0,1108.2343969496287,8.0,0,0,,,,,,,6,9.0
2015-01-01,Wednesday,ER,1467,N216JB,RAZ,ISB,-11.0,1112.76821192053,-26.0,0,0,,,,,,,6,8.0
2015-01-01,Wednesday,PF,1441,N3GYAA,WNS,GWD,21.0,774.9989965884006,45.0,0,0,,24.0,0.0,21.0,0.0,0.0,6,12.0
2015-01-01,Wednesday,PA,2005,N990DL,BHV,KHI,-3.0,1286.7533614288582,-17.0,0,0,,,,,,,6,7.0
2015-01-01,Wednesday,PA,2290,N963DN,KHI,KHI,-2.0,1262.9508328316276,-41.0,0,0,,,,,,,6,7.0
2015-01-01,Wednesday,PA,1864,N360NW,DBA,UET,-3.0,977.8872165362231,-10.0,0,0,,,,,,,6,9.0
2015-01-01,Wednesday,PK,5579,N136EV,DSK,KHI,-7.0,1215.912502508529,-20.0,0,0,,,,,,,6,8.0
2015-01-01,Wednesday,PF,3443,N635MQ,UET,LHE,,1233.4810355207705,,0,1,B,,,,,,6,
2015-01-01,Wednesday,ER,4758,N440SW,LHE,TUK,-9.0,1343.1426851294402,-1.0,0,0,,,,,,,6,7.0
2015-01-01,Wednesday,ER,3460,N219AG,JIW,GWD,0.0,1174.5414408990569,-13.0,0,0,,,,,,,6,8.0
2015-01-01,Wednesday,PA,665,N401UA,MPD,ABT,-6.0,1109.3678506923538,-15.0,0,0,,,,,,,6,8.0
2015-01-01,Wednesday,PA,1056,N922DX,PJG,UET,-5.0,965.4192253662452,-2.0,0,0,,,,,,,6,10.0
2015-01-01,Wednesday,ER,4577,N455SW,MFG,TUK,-3.0,1331.5247842665062,-17.0,0,0,,,,,,,6,7.0
2015-01-01,Wednesday,PK,1718,N939UW,RYK,BNP,-3.0,1279.385912101144,-8.0,0,0,,,,,,,6,7.0
2015-01-01,Wednesday,PK,1943,N508AY,WLT,BNP,-3.0,1309.7057997190448,-2.0,0,0,,,,,,,6,7.0
2015-01-01,Wednesday,PK,1946,N915US,ABT,BNP,8.0,1262.1007425245834,-9.0,0,0,,,,,,,6,7.0
2015-01-01,Wednesday,PK,795,N968WN,MJD,KHI,-3.0,1181.6255267910897,-19.0,0,0,,,,,,,6,8.0
2015-01-01,Wednesday,PK,692,N221WN,KDU,RYK,-4.0,1168.0240818783866,-16.0,0,0,,,,,,,6,8.0
2015-01-01,Wednesday,PK,1170,N902WN,CJL,GWD,-1.0,796.2512542644993,-15.0,0,0,,,,,,,6,11.0
2015-01-01,Wednesday,PK,653,N934WN,SYW,GWD,-5.0,980.1541240216736,-12.0,0,0,,,,,,,6,10.0
2015-01-01,Wednesday,PK,890,N717SA,PEW,CHA,-7.0,1002.823198876179,-16.0,0,0,,,,,,,6,9.0
2015-01-01,Wednesday,PK,832,N8616C,PJG,GWD,0.0,1302.6217138270117,-5.0,0,0,,,,,,,6,7.0
2015-01-01,Wednesday,PA,1284,N11206,GWD,ABT,-1.0,780.9496287377082,-37.0,0,0,,,,,,,6,10.0
2015-01-01,Wednesday,PA,1748,N16703,ISB,ABT,3.0,1208.2616897451335,2.0,0,0,,,,,,,6,7.0
2015-01-01,Wednesday,PF,1305,N456AA,MFG,LHE,-7.0,1235.1812161348585,-3.0,0,0,,,,,,,6,8.0
2015-01-01,Wednesday,PF,1285,N576AA,MUX,LHE,,1348.5265904073851,,0,1,B,,,,,,6,
2015-01-01,Wednesday,PF,1562,N475AA,KDU,LHE,-4.0,1083.8651414810354,-7.0,0,0,,,,,,,6,9.0
2015-01-01,Wednesday,PA,548,N306AS,HDD,DEA,-8.0,1385.6472004816376,14.0,0,0,,,,,,,6,6.0
2015-01-01,Wednesday,PA,558,N307AS,JIW,SKT,3.0,1175.6748946417822,-5.0,0,0,,,,,,,6,8.0
2015-01-01,Wednesday,PA,560,N435AS,DEA,KDD,-4.0,1132.3202889825407,-16.0,0,0,,,,,,,6,8.0
2015-01-01,Wednesday,PA,569,N471AS,SKT,JIW,-1.0,1175.6748946417822,-7.0,0,0,,,,,,,6,8.0
2015-01-01,Wednesday,PA,662,N302AS,DEA,LHE,-7.0,941.6166967690147,10.0,0,0,,,,,,,6,10.0
2015-01-01,Wednesday,PA,709,N769AS,SKZ,PJG,67.0,1246.5157535621113,50.0,0,0,,0.0,0.0,0.0,0.0,50.0,6,7.0
2015-01-01,Wednesday,PF,2476,N3LEAA,MUX,DSK,-6.0,1073.6640577965081,20.0,0,0,,20.0,0.0,0.0,0.0,0.0,6,9.0
2015-01-01,Wednesday,PA,1332,N540US,MPD,KHI,0.0,1266.067830624122,-8.0,0,0,,,,,,,6,7.0
2015-01-01,Wednesday,PA,2135,N990AT,GRT,BHV,-6.0,1125.8029299618704,-11.0,0,0,,,,,,,6,8.0
2015-01-01,Wednesday,PA,2276,N909DE,RYK,BHV,-2.0,1142.8047361027493,-7.0,0,0,,,,,,,6,8.0
2015-01-01,Wednesday,PA,2566,N913DN,KDU,UET,-4.0,961.7355007023881,-5.0,0,0,,,,,,,6,9.0
2015-01-01,Wednesday,PK,2506,N904EV,WLT,LHE,-2.0,1311.6893437688138,-11.0,0,0,,,,,,,6,7.0
2015-01-01,Wednesday,PK,2555,N830AS,SKT,LHE,16.0,1358.1609472205498,14.0,0,0,,,,,,,6,7.0
2015-01-01,Wednesday,PK,2561,N877AS,RZS,LHE,-1.0,1303.4718041340557,8.0,0,0,,,,,,,6,7.0
2015-01-01,Wednesday,PK,2537,N902EV,SKT,LHE,3.0,1328.9745133453744,-10.0,0,0,,,,,,,6,7.0
2015-01-01,Wednesday,PF,2775,N613MQ,CJL,LHE,,1221.5797712221554,,0,1,B,,,,,,6,
2015-01-01,Wednesday,PF,2966,N855MQ,JAG,LHE,,1288.7369054786272,,0,1,B,,,,,,6,
2015-01-01,Wednesday,PF,3359,N905MQ,TUK,LHE,,1168.5908087497492,,0,1,B,,,,,,6,
2015-01-01,Wednesday,PF,3476,N653MQ,WLT,DSK,-6.0,1273.4352799518363,11.0,0,0,,,,,,,6,7.0
2015-01-01,Wednesday,PF,3589,N692MQ,PZH,DSK,-3.0,1210.8119606662653,-1.0,0,0,,,,,,,6,8.0
2015-01-01,Wednesday,PF,705,N588NK,BHV,CJL,108.0,1107.1009432069036,97.0,0,0,,97.0,0.0,0.0,0.0,0.0,6,8.0
2015-01-01,Wednesday,PF,567,N504NK,TUK,KHI,-2.0,1243.682119205298,-11.0,0,0,,,,,,,6,7.0
2015-01-01,Wednesday,PF,417,N587NK,TUK,CJL,3.0,1092.6494079871563,-16.0,0,0,,,,,,,6,8.0
2015-01-01,Wednesday,ER,3456,N217AG,JIW,KDU,-2.0,1180.4920730483643,-3.0,0,0,,,,,,,6,8.0
2015-01-01,Wednesday,ER,5492,N703SK,KCF,ISB,3.0,1381.3967489464178,17.0,0,0,,14.0,0.0,3.0,0.0,0.0,6,6.0
2015-01-01,Wednesday,ER,6495,N932EV,SUL,SKT,-6.0,1175.9582580774634,-20.0,0,0,,,,,,,6,8.0
2015-01-01,Wednesday,ER,5291,N564SW,MBI,LYP,0.0,1323.307244631748,-16.0,0,0,,,,,,,6,7.0
2015-01-01,Wednesday,PA,536,N852UA,SKT,MUX,-8.0,1021.2418221954646,-22.0,0,0,,,,,,,6,9.0
2015-01-01,Wednesday,PA,259,N427UA,PSI,MUX,8.0,1030.592815572948,-15.0,0,0,,,,,,,6,9.0
2015-01-01,Wednesday,PA,792,N802UA,UET,ISB,33.0,1277.9690949227372,37.0,0,0,,4.0,0.0,33.0,0.0,0.0,6,7.0
2015-01-01,Wednesday,ER,922,N361VA,KDU,SKT,-7.0,1316.5065221753964,-16.0,0,0,,,,,,,6,7.0
2015-01-01,Wednesday,PK,3213,N8612K,HDD,CHA,4.0,1187.292795504716,-26.0,0,0,,,,,,,6,8.0
2015-01-01,Wednesday,PK,2599,N912WN,GIL,HDD,3.0,1328.1244230383304,-2.0,0,0,,,,,,,6,7.0
2015-01-01,Wednesday,PK,2199,N400WN,LHE,RYK,0.0,1088.3989564519366,-18.0,0,0,,,,,,,6,9.0
2015-01-01,Wednesday,PK,3739,N780SW,PAJ,RYK,-1.0,1107.9510335139473,-29.0,0,0,,,,,,,6,9.0
2015-01-01,Wednesday,PK,1188,N783SW,SBQ,WLT,-3.0,1013.3076459963877,-25.0,0,0,,,,,,,6,9.0
2015-01-01,Wednesday,PK,4563,N642WN,RYK,KHI,-4.0,1196.360425446518,2.0,0,0,,,,,,,6,8.0
2015-01-01,Wednesday,PK,593,N163US,PSI,PEW,0.0,1316.223158739715,-12.0,0,0,,,,,,,6,7.0
2015-01-01,Wednesday,PF,323,N520AA,LHE,KCF,,1256.150110375276,,0,1,B,,,,,,6,
2015-01-01,Wednesday,PF,1107,N3ADAA,BHV,LHE,-4.0,1018.4081878386513,-3.0,0,0,,,,,,,6,10.0
2015-01-01,Wednesday,PF,1234,N3MCAA,GWD,ISB,-4.0,982.9877583784869,-18.0,0,0,,,,,,,6,9.0
2015-01-01,Wednesday,PF,1283,N3CRAA,JAG,DSK,-4.0,1183.609070840859,-12.0,0,0,,,,,,,6,8.0
2015-01-01,Wednesday,PF,1287,N3BBAA,UET,DSK,29.0,986.671483042344,16.0,0,0,,0.0,0.0,16.0,0.0,0.0,6,9.0
2015-01-01,Wednesday,PF,1300,N3FRAA,PSI,LHE,0.0,1070.5470600040135,-14.0,0,0,,,,,,,6,8.0
2015-01-01,Wednesday,PF,2326,N3KEAA,DSK,CHB,33.0,1151.5890026088703,31.0,0,0,,0.0,0.0,0.0,31.0,0.0,6,8.0
2015-01-01,Wednesday,ER,318,N183JB,WNS,KDU,-7.0,1359.0110375275938,-12.0,0,0,,,,,,,6,7.0
2015-01-01,Wednesday,ER,1137,N374JB,KDU,TUK,-3.0,1232.914308649408,-12.0,0,0,,,,,,,6,8.0
2015-01-01,Wednesday,PA,716,N944DL,DEA,KHI,-8.0,1179.3586193056392,,1,0,,,,,,,6,
2015-01-01,Wednesday,PA,765,N329NB,KHI,UET,-3.0,1206.2781456953642,-23.0,0,0,,,,,,,6,8.0
2015-01-01,Wednesday,PA,801,N633DL,PSI,KHI,-4.0,868.2255669275536,-21.0,0,0,,,,,,,6,9.0
2015-01-01,Wednesday,PA,827,N678DL,CJL,KHI,-6.0,1247.365843869155,-19.0,0,0,,,,,,,6,7.0
2015-01-01,Wednesday,PA,860,N324NB,PSI,UET,-3.0,980.7208508930363,-8.0,0,0,,,,,,,6,9.0
2015-01-01,Wednesday,PA,886,N918DL,KHI,BHV,-1.0,1196.077062010837,8.0,0,0,,,,,,,6,8.0
2015-01-01,Wednesday,PA,1135,N309DE,WNS,KHI,-1.0,1374.0292996187036,-26.0,0,0,,,,,,,6,6.0
2015-01-01,Wednesday,PA,1324,N908DE,JAG,KHI,-3.0,1351.3602247641984,-20.0,0,0,,,,,,,6,7.0
2015-01-01,Wednesday,PF,1449,N3KDAA,CJL,LHE,,1094.9163154726068,,0,1,B,,,,,,6,
2015-01-01,Wednesday,PA,246,N391DA,DBA,WNS,-3.0,718.8930363234999,-31.0,0,0,,,,,,,6,10.0
2015-01-01,Wednesday,PF,2395,N469AA,WNS,LHE,-1.0,1242.832028898254,-5.0,0,0,,,,,,,6,8.0
2015-01-01,Wednesday,PK,4438,N26141,TLB,MUX,,1270.0349187236604,,0,1,B,,,,,,6,
2015-01-01,Wednesday,PK,6042,N21144,TUK,LYP,32.0,1292.137266706803,28.0,0,0,,0.0,0.0,0.0,0.0,28.0,6,7.0
2015-01-01,Wednesday,ER,110,N206FR,LYP,UET,26.0,1219.3128637367047,16.0,0,0,,0.0,0.0,16.0,0.0,0.0,6,7.0
2015-01-01,Wednesday,ER,782,N219FR,GWD,LYP,-3.0,1234.047762392133,8.0,0,0,,,,,,,6,8.0
2015-01-01,Wednesday,ER,268,N921FR,PSI,LYP,-7.0,1172.2745334136062,-8.0,0,0,,,,,,,6,8.0
2015-01-01,Wednesday,PF,2965,N637MQ,LYP,LHE,,1308.8557094120008,,0,1,B,,,,,,6,
2015-01-01,Wednesday,PF,3009,N651MQ,KDD,LHE,-3.0,1215.6291390728477,-9.0,0,0,,,,,,,6,8.0
2015-01-01,Wednesday,PF,3431,N820MQ,CHA,LHE,,1273.4352799518363,,0,1,B,,,,,,6,
2015-01-01,Wednesday,PF,301,N626NK,WLT,CJL,4.0,1149.8888219947823,-11.0,0,0,,,,,,,6,8.0
2015-01-01,Wednesday,PF,725,N525NK,ORW,MUX,-8.0,1229.7973108569136,8.0,0,0,,,,,,,6,8.0
2015-01-01,Wednesday,ER,6262,N953SW,PJG,LYP,-9.0,1235.1812161348585,-11.0,0,0,,,,,,,6,7.0
2015-01-01,Wednesday,ER,4811,N443SW,JAG,LYP,-8.0,1346.8264097932972,-14.0,0,0,,,,,,,6,7.0
2015-01-01,Wednesday,ER,6502,N785SK,PSI,KDU,12.0,1306.58880192655,-1.0,0,0,,,,,,,6,7.0
2015-01-01,Wednesday,ER,6523,N754SK,PEW,SKT,16.0,1307.155528797913,2.0,0,0,,,,,,,6,7.0
2015-01-01,Wednesday,ER,4974,N792SK,KHI,MUX,-4.0,1216.7625928155728,7.0,0,0,,,,,,,6,8.0
2015-01-01,Wednesday,ER,7385,N301YV,PZH,SKZ,-10.0,1355.3273128637368,7.0,0,0,,,,,,,6,7.0
2015-01-01,Wednesday,ER,1208,N273JB,SDT,WNS,-6.0,1347.3931366646598,1.0,0,0,,,,,,,6,7.0
2015-01-01,Wednesday,PF,338,N481HA,KDD,DBA,-8.0,1365.8117599839454,-6.0,0,0,,,,,,,6,6.0
2015-01-01,Wednesday,ER,6291,N706SK,SBQ,KDU,-3.0,1367.228577162352,-7.0,0,0,,,,,,,6,6.0
2015-01-01,Wednesday,PA,1212,N582NW,SKT,UET,-2.0,977.0371262291792,-9.0,0,0,,,,,,,6,9.0
2015-01-01,Wednesday,PA,284,N832UA,PEW,KDU,61.0,1227.5304033714629,48.0,0,0,,0.0,0.0,0.0,0.0,48.0,6,7.0
2015-01-01,Wednesday,PK,1866,N626AW,KHI,BNP,3.0,1308.2889825406382,-9.0,0,0,,,,,,,6,7.0
2015-01-01,Wednesday,PK,2071,N553UW,UET,BNP,-3.0,1148.4720048163756,-13.0,0,0,,,,,,,6,8.0
2015-01-01,Wednesday,PK,985,N8315C,WLT,RYK,-7.0,1188.992976118804,-34.0,0,0,,,,,,,6,8.0
2015-01-01,Wednesday,PK,739,N927WN,MFG,KHI,-3.0,1291.5705398354405,-16.0,0,0,,,,,,,6,7.0
2015-01-01,Wednesday,PK,2964,N481WN,PEW,HDD,4.0,1162.9235400361229,4.0,0,0,,,,,,,6,8.0
2015-01-01,Wednesday,PA,1291,N33209,CJL,ISB,-5.0,1077.064419024684,0.0,0,0,,,,,,,6,9.0
2015-01-01,Wednesday,PK,408,N521UW,GIL,PEW,-10.0,824.0208709612683,16.0,0,0,,16.0,0.0,0.0,0.0,0.0,6,11.0
2015-01-01,Wednesday,PF,338,N3DJAA,SKT,KDU,-6.0,1316.5065221753964,-7.0,0,0,,,,,,,6,7.0
2015-01-01,Wednesday,PF,1371,N477AA,BNP,LHE,-9.0,1289.5869957856714,-13.0,0,0,,,,,,,6,7.0
2015-01-01,Wednesday,PF,1318,N5CDAA,KDU,LHE,-5.0,969.3863134657836,2.0,0,0,,,,,,,6,10.0
2015-01-01,Wednesday,PF,1595,N553AA,MJD,LHE,-3.0,1358.1609472205498,-15.0,0,0,,,,,,,6,7.0
2015-01-01,Wednesday,PF,2226,N426AA,LHE,GRT,70.0,1148.755368252057,70.0,0,0,,0.0,0.0,70.0,0.0,0.0,6,8.0
2015-01-01,Wednesday,PF,2429,N4XPAA,RAZ,LHE,3.0,1122.6859321693757,-15.0,0,0,,,,,,,6,9.0
2015-01-01,Wednesday,PF,2424,N3DLAA,SKT,LHE,-9.0,1062.0461569335741,-1.0,0,0,,,,,,,6,8.0
2015-01-01,Wednesday,PA,321,N613AS,PJG,DEA,-3.0,1214.4956853301226,-14.0,0,0,,,,,,,6,8.0
2015-01-01,Wednesday,PA,582,N611AS,JIW,PSI,-1.0,1168.5908087497492,-10.0,0,0,,,,,,,6,8.0
2015-01-01,Wednesday,PA,629,N626AS,GWD,JIW,-13.0,1195.7936985751555,-18.0,0,0,,,,,,,6,8.0
2015-01-01,Wednesday,PA,805,N588AS,DEA,PAJ,-6.0,1240.5651214128036,-14.0,0,0,,,,,,,6,7.0
2015-01-01,Wednesday,ER,148,N659JB,XJM,XJM,-2.0,1311.9727072044952,-9.0,0,0,,,,,,,6,7.0
2015-01-01,Wednesday,PA,476,N196DN,SKT,WNS,0.0,710.6754966887418,-11.0,0,0,,,,,,,6,11.0
2015-01-01,Wednesday,PA,1085,N994AT,UET,KHI,8.0,1365.528396548264,-1.0,0,0,,,,,,,6,6.0
2015-01-01,Wednesday,PA,2512,N937AT,DSK,KHI,1.0,1369.2121212121212,-8.0,0,0,,,,,,,6,6.0
2015-01-01,Wednesday,PK,6175,N13124,JAG,ISB,-6.0,1296.1043548063417,-5.0,0,0,,,,,,,6,7.0
2015-01-01,Wednesday,PF,3082,N918MQ,RYK,LHE,,1255.8667469395946,,0,1,B,,,,,,6,
2015-01-01,Wednesday,PF,2973,N628MQ,DSK,LHE,,1148.1886413806942,,0,1,B,,,,,,6,
2015-01-01,Wednesday,PF,3294,N509MQ,JIW,ISB,10.0,1264.084286574353,-10.0,0,0,,,,,,,6,7.0
2015-01-01,Wednesday,PF,3268,N694MQ,XJM,ISB,-4.0,1288.453542042946,-5.0,0,0,,,,,,,6,7.0
2015-01-01,Wednesday,PF,3419,N939MQ,ABT,LHE,,1312.539434075858,,0,1,B,,,,,,6,
2015-01-01,Wednesday,PF,729,N629NK,ISB,GRT,34.0,1125.2362030905076,14.0,0,0,,,,,,,6,8.0
2015-01-01,Wednesday,ER,5536,N779SK,KDD,MUX,71.0,1052.4118001204095,55.0,0,0,,0.0,0.0,0.0,0.0,55.0,6,8.0
2015-01-01,Wednesday,ER,5428,N679SA,MPD,LYP,0.0,1327.5576961669676,11.0,0,0,,,,,,,6,7.0
2015-01-01,Wednesday,PA,464,N434UA,KDU,ABT,1.0,1355.3273128637368,-16.0,0,0,,,,,,,6,7.0
2015-01-01,Wednesday,PF,332,N483HA,KDD,UET,47.0,1350.7934978928356,53.0,0,0,,0.0,0.0,53.0,0.0,0.0,6,7.0
2015-01-01,Wednesday,PF,1101,N5ENAA,WNS,DSK,-3.0,1103.4172185430464,-7.0,0,0,,,,,,,6,9.0
2015-01-01,Wednesday,PF,111,N522NK,TUK,GWD,22.0,916.3973509933775,26.0,0,0,,26.0,0.0,0.0,0.0,0.0,6,10.0
2015-01-01,Wednesday,PA,1077,N37462,ABT,DSK,-4.0,1104.5506722857717,-15.0,0,0,,,,,,,6,9.0
2015-01-01,Wednesday,PA,1510,N37255,DBA,MUX,2.0,1042.7774433072448,-10.0,0,0,,,,,,,6,9.0
2015-01-01,Wednesday,PA,204,N810UA,LHE,MUX,-1.0,1348.5265904073851,-1.0,0,0,,,,,,,6,7.0
2015-01-01,Wednesday,PK,773,N701UW,KDU,BNP,-10.0,1339.1755970299018,-13.0,0,0,,,,,,,6,7.0
2015-01-01,Wednesday,PK,1960,N644AW,GRT,BNP,-1.0,1268.3347381095725,-7.0,0,0,,,,,,,6,7.0
2015-01-01,Wednesday,PA,670,N457UA,GRT,ABT,-1.0,1129.4866546257274,-1.0,0,0,,,,,,,6,8.0
2015-01-01,Wednesday,PK,707,N706SW,KDU,KHI,-4.0,1262.3841059602648,-30.0,0,0,,,,,,,6,7.0
2015-01-01,Wednesday,PK,537,N799SW,RYK,KHI,-4.0,1297.5211719847482,-4.0,0,0,,,,,,,6,7.0
2015-01-01,Wednesday,PK,897,N427WN,SKT,HDD,0.0,1247.6492073048364,3.0,0,0,,,,,,,6,7.0
2015-01-01,Wednesday,PK,753,N443WN,CJL,CJL,1.0,1075.364238410596,-20.0,0,0,,,,,,,6,9.0
2015-01-01,Wednesday,PK,969,N268WN,GIL,CJL,-4.0,1130.903471804134,-24.0,0,0,,,,,,,6,8.0
2015-01-01,Wednesday,PK,4120,N247WN,GIL,GWD,-2.0,795.4011639574553,-8.0,0,0,,,,,,,6,11.0
2015-01-01,Wednesday,PF,299,N857AA,DSK,LYP,4.0,927.7318884206302,1.0,0,0,,,,,,,6,10.0
2015-01-01,Wednesday,PF,367,N494AA,BHV,LHE,,1344.842865743528,,0,1,A,,,,,,6,
2015-01-01,Wednesday,PF,222,N3JSAA,SKT,KDU,-5.0,672.1380694360827,-33.0,0,0,,,,,,,6,11.0
2015-01-01,Wednesday,PF,1104,N3LAAA,LHE,BHV,-8.0,1018.4081878386513,-22.0,0,0,,,,,,,6,9.0
2015-01-01,Wednesday,PF,1373,N549AA,WLT,LHE,-8.0,1067.1466987758379,2.0,0,0,,,,,,,6,9.0
2015-01-01,Wednesday,PF,2401,N858AA,LHE,SKT,,1062.0461569335741,,0,1,B,,,,,,6,
2015-01-01,Wednesday,ER,16,N934JB,KDU,WNS,-3.0,679.2221553281156,-9.0,0,0,,,,,,,6,11.0
2015-01-01,Wednesday,PA,1071,N932DN,SYW,UET,-2.0,1327.841059602649,-10.0,0,0,,,,,,,6,7.0
2015-01-01,Wednesday,PA,2090,N698DL,JIW,UET,-3.0,1007.9237407184427,-12.0,0,0,,,,,,,6,9.0
2015-01-01,Wednesday,ER,2324,N206JB,RYK,CHB,-4.0,1196.9271523178809,-8.0,0,0,,,,,,,6,8.0
2015-01-01,Wednesday,ER,2702,N571JB,WNS,UET,-10.0,1326.7076058599237,-22.0,0,0,,,,,,,6,7.0
2015-01-01,Wednesday,PA,1651,N954DN,UET,GWD,-3.0,1043.91089704997,-41.0,0,0,,,,,,,6,9.0
2015-01-01,Wednesday,PA,1818,N555NW,KHI,RYK,-1.0,1297.5211719847482,-7.0,0,0,,,,,,,6,7.0
2015-01-01,Wednesday,PK,3924,N14960,RZS,MUX,-8.0,1322.4571543247039,-13.0,0,0,,,,,,,6,7.0
2015-01-01,Wednesday,ER,907,N926FR,GWD,RZS,24.0,1306.305438490869,3.0,0,0,,,,,,,6,7.0
2015-01-01,Wednesday,PF,3063,N511MQ,CHA,ISB,,1061.762793497893,,0,1,A,,,,,,6,
2015-01-01,Wednesday,PF,3110,N688MQ,DSK,ISB,2.0,1267.4846478025286,-19.0,0,0,,,,,,,6,7.0
2015-01-01,Wednesday,PF,3188,N507MQ,SKT,ISB,17.0,1095.1996789082882,35.0,0,0,,18.0,0.0,17.0,0.0,0.0,6,8.0
2015-01-01,Wednesday,PA,821,N490UA,RZS,KDU,0.0,731.9277543648404,-5.0,0,0,,,,,,,6,11.0
2015-01-01,Wednesday,PA,312,N833UA,ABT,SKT,-3.0,716.6261288380493,-5.0,0,0,,,,,,,6,12.0
2015-01-01,Wednesday,PK,823,N128UW,CHB,BNP,-4.0,1318.2067027894843,-15.0,0,0,,,,,,,6,7.0
2015-01-01,Wednesday,PA,1052,N69838,RYK,ABT,-1.0,1146.4884607666065,-7.0,0,0,,,,,,,6,8.0
2015-01-01,Wednesday,PF,1553,N3JNAA,CHB,DSK,-6.0,1151.5890026088703,-20.0,0,0,,,,,,,6,8.0
2015-01-01,Wednesday,ER,15,N944JB,WNS,KDU,0.0,679.2221553281156,-24.0,0,0,,,,,,,6,12.0
2015-01-01,Wednesday,ER,453,N652JB,WNS,ISB,-4.0,1120.7023881196067,-23.0,0,0,,,,,,,6,8.0
2015-01-01,Wednesday,PA,1547,N997DL,BHV,KHI,-1.0,1196.077062010837,-31.0,0,0,,,,,,,6,8.0
2015-01-01,Wednesday,ER,6618,N506CA,KDD,PEW,-1.0,1338.0421432871765,-11.0,0,0,,,,,,,6,7.0
2015-01-01,Wednesday,ER,5366,N930EV,KHI,ISB,,1388.4808348384506,,0,1,B,,,,,,7,
2015-01-01,Wednesday,PA,356,N432UA,PAJ,ISB,10.0,1207.1282360024081,1.0,0,0,,,,,,,7,9.0
2015-01-01,Wednesday,PA,392,N456UA,JIW,KDU,-2.0,1256.150110375276,-17.0,0,0,,,,,,,7,8.0
2015-01-01,Wednesday,PA,417,N429UA,ABT,GRT,-1.0,1129.4866546257274,-19.0,0,0,,,,,,,7,9.0
2015-01-01,Wednesday,PK,852,N715UW,PEW,BNP,-5.0,1319.0567930965283,-20.0,0,0,,,,,,,7,8.0
2015-01-01,Wednesday,PK,1722,N825AW,RAZ,BNP,-8.0,1290.153722657034,-24.0,0,0,,,,,,,7,8.0
2015-01-01,Wednesday,PK,1877,N826AW,BNP,DSK,-6.0,1227.8137668071445,-7.0,0,0,,,,,,,7,9.0
2015-01-01,Wednesday,PK,1961,N566UW,MUX,BNP,-4.0,1153.5725466586393,-9.0,0,0,,,,,,,7,9.0
2015-01-01,Wednesday,PK,1978,N827AW,SUL,BNP,-3.0,1291.003812964078,-17.0,0,0,,,,,,,7,8.0
2015-01-01,Wednesday,PK,2064,N538UW,LHE,BNP,-5.0,1146.7718242022877,2.0,0,0,,,,,,,7,9.0
2015-01-01,Wednesday,PA,463,N482UA,BHV,ISB,-2.0,1204.294601645595,-5.0,0,0,,,,,,,7,9.0
2015-01-01,Wednesday,PA,514,N411UA,KDU,MUX,-4.0,959.4685932169376,-16.0,0,0,,,,,,,7,11.0
2015-01-01,Wednesday,PA,521,N854UA,KDU,ISB,0.0,1166.3239012642987,13.0,0,0,,,,,,,7,10.0
2015-01-01,Wednesday,PA,736,N522UA,KDU,ABT,-1.0,685.1727874774233,-12.0,0,0,,,,,,,7,12.0
2015-01-01,Wednesday,PA,795,N843UA,PSI,LYP,1.0,1172.2745334136062,7.0,0,0,,,,,,,7,9.0
2015-01-01,Wednesday,PA,1027,N38424,KDU,MUX,-2.0,948.7007826610476,-17.0,0,0,,,,,,,7,10.0
2015-01-01,Wednesday,ER,399,N852VA,WNS,SKT,-5.0,710.6754966887418,2.0,0,0,,,,,,,7,13.0
2015-01-01,Wednesday,ER,897,N845VA,GWD,KDU,-1.0,1294.687537627935,-6.0,0,0,,,,,,,7,8.0
2015-01-01,Wednesday,PK,473,N423WN,UET,CJL,0.0,1081.8815974312663,-3.0,0,0,,,,,,,7,10.0
2015-01-01,Wednesday,PK,309,N657SW,WLT,MBI,-2.0,1058.9291591410797,-11.0,0,0,,,,,,,7,10.0
2015-01-01,Wednesday,PK,369,N8312C,WLT,GWD,-5.0,815.2366044551475,-14.0,0,0,,,,,,,7,12.0
2015-01-01,Wednesday,PK,4635,N8305E,RAZ,PEW,0.0,919.7977122215532,7.0,0,0,,,,,,,7,12.0
2015-01-01,Wednesday,PK,1019,N792SW,CHB,HDD,-5.0,1076.4976921533214,12.0,0,0,,,,,,,7,10.0
2015-01-01,Wednesday,PK,194,N939WN,GRT,CJL,4.0,1102.5671282360024,-2.0,0,0,,,,,,,7,10.0
2015-01-01,Wednesday,PK,2511,N7735A,CHA,HDD,3.0,1187.292795504716,-4.0,0,0,,,,,,,7,9.0
2015-01-01,Wednesday,PK,767,N497WN,CHA,GRT,-1.0,1129.4866546257274,-14.0,0,0,,,,,,,7,9.0
2015-01-01,Wednesday,PK,390,N283WN,UET,CHA,-4.0,1313.1061609472206,-23.0,0,0,,,,,,,7,8.0
2015-01-01,Wednesday,PK,443,N628SW,KHI,RYK,-2.0,1175.6748946417822,-22.0,0,0,,,,,,,7,9.0
2015-01-01,Wednesday,PK,921,N962WN,SBQ,JAG,-5.0,1179.0752558699578,-16.0,0,0,,,,,,,7,9.0
2015-01-01,Wednesday,PK,2373,N237WN,MBI,RYK,0.0,1171.4244431065624,-6.0,0,0,,,,,,,7,9.0
2015-01-01,Wednesday,PA,1195,N57864,RYK,KDU,328.0,718.8930363234999,306.0,0,0,,0.0,0.0,0.0,306.0,0.0,7,12.0
2015-01-01,Wednesday,PA,1697,N14107,ABT,LYP,6.0,957.201685731487,13.0,0,0,,,,,,,7,11.0
2015-01-01,Wednesday,PK,424,N161UW,ISB,PEW,-2.0,1003.9566526189043,-5.0,0,0,,,,,,,7,11.0
2015-01-01,Wednesday,PK,461,N540UW,KHI,BNP,-2.0,1347.9598635360223,-11.0,0,0,,,,,,,7,8.0
2015-01-01,Wednesday,PK,568,N565UW,SKZ,PEW,1.0,1268.3347381095725,1.0,0,0,,,,,,,7,8.0
2015-01-01,Wednesday,PK,590,N758US,CHB,PEW,-1.0,1203.7278747742325,2.0,0,0,,,,,,,7,9.0
2015-01-01,Wednesday,PK,621,N185UW,CHB,PEW,1.0,851.2237607866747,5.0,0,0,,,,,,,7,12.0
2015-01-01,Wednesday,PF,9,N792AA,WNS,SKT,-11.0,710.6754966887418,6.0,0,0,,,,,,,7,13.0
2015-01-01,Wednesday,PF,17,N019AA,KHI,DSK,-4.0,1243.682119205298,-10.0,0,0,,,,,,,7,8.0
2015-01-01,Wednesday,PF,118,N788AA,SKT,WNS,-10.0,710.6754966887418,-49.0,0,0,,,,,,,7,11.0
2015-01-01,Wednesday,PF,68,N5EGAA,KDU,DSK,3.0,679.5055187637969,-4.0,0,0,,,,,,,7,12.0
2015-01-01,Wednesday,PF,201,N3LJAA,KDU,SKT,-7.0,672.1380694360827,10.0,0,0,,,,,,,7,13.0
2015-01-01,Wednesday,PF,204,N5DXAA,DSK,GWD,-3.0,795.967890828818,6.0,0,0,,,,,,,7,12.0
2015-01-01,Wednesday,PF,309,N4YDAA,LHE,JAG,-8.0,1233.1976720850894,4.0,0,0,,,,,,,7,8.0
2015-01-01,Wednesday,PF,315,N3MAAA,BHV,ISB,-2.0,1204.294601645595,-2.0,0,0,,,,,,,7,9.0
2015-01-01,Wednesday,PF,1242,N489AA,SBQ,LHE,45.0,1039.9438089504315,45.0,0,0,,0.0,0.0,45.0,0.0,0.0,7,10.0
2015-01-01,Wednesday,PF,1247,N3CHAA,KDU,ISB,-1.0,1166.3239012642987,5.0,0,0,,,,,,,7,9.0
2015-01-01,Wednesday,PF,1258,N491AA,GWD,LHE,-4.0,1113.051575356211,-6.0,0,0,,,,,,,7,9.0
2015-01-01,Wednesday,PF,1273,N023AA,DSK,MUX,83.0,1138.837648003211,112.0,0,0,,29.0,0.0,83.0,0.0,0.0,7,10.0
2015-01-01,Wednesday,PF,1354,N504AA,LHE,RYK,-5.0,1132.8870158539032,-11.0,0,0,,,,,,,7,9.0
2015-01-01,Wednesday,PF,1529,N5DHAA,RYK,SKT,-2.0,783.49989965884,-9.0,0,0,,,,,,,7,12.0
2015-01-01,Wednesday,PF,1582,N5EYAA,DSK,KDU,-4.0,1055.5287979129039,-15.0,0,0,,,,,,,7,10.0
2015-01-01,Wednesday,PF,1699,N425AA,GRT,LHE,-4.0,1148.755368252057,-10.0,0,0,,,,,,,7,9.0
2015-01-01,Wednesday,PF,1507,N3KXAA,DEA,LHE,-4.0,941.6166967690147,24.0,0,0,,24.0,0.0,0.0,0.0,0.0,7,11.0
2015-01-01,Wednesday,PF,1513,N008AA,LHE,KHI,-5.0,1204.8613285169577,-25.0,0,0,,,,,,,7,8.0
2015-01-01,Wednesday,PF,1648,N571AA,ABT,LHE,,1181.6255267910897,,0,1,B,,,,,,7,
2015-01-01,Wednesday,PF,2291,N859AA,LHE,DSK,,1094.3495886012442,,0,1,B,,,,,,7,
2015-01-01,Wednesday,PF,2451,N3HTAA,BHV,DSK,-4.0,1101.433674493277,-20.0,0,0,,,,,,,7,10.0
2015-01-01,Wednesday,PA,17,N419AS,ABT,DEA,1.0,731.3610274934778,4.0,0,0,,,,,,,7,13.0
2015-01-01,Wednesday,PA,39,N459AS,UET,DEA,-5.0,1015.5745534818383,-14.0,0,0,,,,,,,7,10.0
2015-01-01,Wednesday,PA,112,N527AS,TUK,DEA,-7.0,1001.6897451334537,-15.0,0,0,,,,,,,7,10.0
2015-01-01,Wednesday,PA,311,N705AS,KDD,KDU,-9.0,1292.7039935781659,-19.0,0,0,,,,,,,7,8.0
2015-01-01,Wednesday,PA,313,N703AS,KDU,DEA,-9.0,1219.596227172386,-8.0,0,0,,,,,,,7,9.0
2015-01-01,Wednesday,PA,405,N565AS,PJG,JIW,-5.0,1250.766205097331,-5.0,0,0,,,,,,,7,8.0
2015-01-01,Wednesday,PA,415,N413AS,JIW,DEA,-2.0,1375.4461167971103,9.0,0,0,,,,,,,7,7.0
2015-01-01,Wednesday,PA,445,N579AS,SKT,DEA,-5.0,1141.671282360024,-15.0,0,0,,,,,,,7,9.0
2015-01-01,Wednesday,PA,466,N309AS,DEA,SKT,-4.0,1141.671282360024,-6.0,0,0,,,,,,,7,9.0
2015-01-01,Wednesday,PA,519,N614AS,PSI,DEA,-15.0,1134.8705599036723,-20.0,0,0,,,,,,,7,9.0
2015-01-01,Wednesday,PA,531,N529AS,KDU,DEA,124.0,1146.4884607666065,120.0,0,0,,0.0,0.0,0.0,0.0,120.0,7,9.0
2015-01-01,Wednesday,PA,615,N320AS,GWD,DEA,-1.0,1166.3239012642987,-7.0,0,0,,,,,,,7,9.0
2015-01-01,Wednesday,PA,663,N536AS,PEW,JIW,-7.0,1126.0862933975518,-20.0,0,0,,,,,,,7,9.0
2015-01-01,Wednesday,PA,722,N403AS,SKZ,SKT,17.0,1244.8155729480231,5.0,0,0,,,,,,,7,8.0
2015-01-01,Wednesday,PA,833,N566AS,JIW,KDD,-3.0,674.4049769215333,-17.0,0,0,,,,,,,7,13.0
2015-01-01,Wednesday,PA,847,N558AS,DBA,LHE,-4.0,691.9735099337748,24.0,0,0,,24.0,0.0,0.0,0.0,0.0,7,13.0
2015-01-01,Wednesday,PA,883,N531AS,XJM,GRT,-11.0,715.7760385310054,-18.0,0,0,,,,,,,7,12.0
2015-01-01,Wednesday,ER,288,N806JB,SKT,KDU,-7.0,672.1380694360827,-34.0,0,0,,,,,,,7,12.0
2015-01-01,Wednesday,ER,289,N373JB,KDU,CHB,-10.0,1298.9379891631547,-37.0,0,0,,,,,,,7,8.0
2015-01-01,Wednesday,ER,619,N638JB,KDU,DBA,-3.0,678.6554284567529,-7.0,0,0,,,,,,,7,13.0
2015-01-01,Wednesday,ER,723,N804JB,CHB,RYK,-8.0,1196.9271523178809,-21.0,0,0,,,,,,,7,9.0
2015-01-01,Wednesday,ER,1109,N651JB,KDU,PEW,133.0,1125.8029299618704,131.0,0,0,,0.0,0.0,131.0,0.0,0.0,7,10.0
2015-01-01,Wednesday,ER,1121,N561JB,JIW,XJM,-11.0,1172.2745334136062,-20.0,0,0,,,,,,,7,9.0
2015-01-01,Wednesday,ER,1031,N339JB,KDU,MBI,-4.0,956.0682319887617,-10.0,0,0,,,,,,,7,11.0
2015-01-01,Wednesday,ER,1039,N296JB,KDU,MJD,0.0,930.8488862131246,-6.0,0,0,,,,,,,7,11.0
2015-01-01,Wednesday,ER,2007,N594JB,KHI,CJL,-6.0,1130.3367449327714,-23.0,0,0,,,,,,,7,9.0
2015-01-01,Wednesday,PA,364,N547US,DEA,SKT,12.0,1141.671282360024,-4.0,0,0,,,,,,,7,9.0
2015-01-01,Wednesday,PA,400,N381DN,JIW,WNS,-3.0,716.6261288380493,-28.0,0,0,,,,,,,7,11.0
2015-01-01,Wednesday,PA,424,N194DN,WNS,SKT,2.0,710.6754966887418,-10.0,0,0,,,,,,,7,13.0
2015-01-01,Wednesday,PA,822,N3743H,DEA,TUK,-8.0,865.9586594421032,-23.0,0,0,,,,,,,7,11.0
2015-01-01,Wednesday,PA,854,N667DN,KDU,TUK,1.0,822.887417218543,-5.0,0,0,,,,,,,7,11.0
2015-01-01,Wednesday,PA,872,N938DN,CHB,KHI,3.0,1257.00020068232,-21.0,0,0,,,,,,,7,8.0
2015-01-01,Wednesday,PA,1183,N987DL,JAG,KHI,1.0,1265.7844671884407,4.0,0,0,,,,,,,7,8.0
2015-01-01,Wednesday,PA,1280,N906DE,DEA,KHI,-2.0,1308.2889825406382,-14.0,0,0,,,,,,,7,8.0
2015-01-01,Wednesday,PA,1305,N357NW,ISB,KHI,-1.0,1257.5669275536825,-3.0,0,0,,,,,,,7,8.0
2015-01-01,Wednesday,PA,1440,N3766,SKZ,UET,-3.0,1131.1868352398153,-6.0,0,0,,,,,,,7,9.0
2015-01-01,Wednesday,PA,1453,N589NW,DEA,UET,-4.0,1015.5745534818383,-17.0,0,0,,,,,,,7,10.0
2015-01-01,Wednesday,PF,1461,N4YRAA,MJD,LHE,0.0,1168.0240818783866,-20.0,0,0,,,,,,,7,9.0
2015-01-01,Wednesday,PA,1971,N934DN,UET,PEW,-1.0,1050.4282560706401,-18.0,0,0,,,,,,,7,10.0
2015-01-01,Wednesday,PA,2017,N326US,BHV,ISB,-3.0,1118.7188440698374,-31.0,0,0,,,,,,,7,9.0
2015-01-01,Wednesday,PA,2123,N913DE,MPD,BHV,-3.0,1105.9674894641782,-17.0,0,0,,,,,,,7,9.0
2015-01-01,Wednesday,PA,2151,N329NW,DSK,BHV,-3.0,1101.433674493277,-2.0,0,0,,,,,,,7,9.0
2015-01-01,Wednesday,PA,2180,N938DL,RAZ,KHI,-1.0,1255.0166566325506,-33.0,0,0,,,,,,,7,8.0
2015-01-01,Wednesday,PA,2351,N911DE,ISB,BHV,-4.0,1118.7188440698374,13.0,0,0,,,,,,,7,9.0
2015-01-01,Wednesday,PA,2365,N399DA,WNS,TLB,-1.0,959.1852297812562,-11.0,0,0,,,,,,,7,10.0
2015-01-01,Wednesday,PA,2539,N353NW,SYW,KHI,7.0,1222.4298615291993,-8.0,0,0,,,,,,,7,8.0
2015-01-01,Wednesday,ER,2784,N283JB,RZS,KDU,-13.0,1238.5815773630343,21.0,0,0,,21.0,0.0,0.0,0.0,0.0,7,9.0
2015-01-01,Wednesday,PA,46,N704X,WNS,KDU,0.0,679.2221553281156,-17.0,0,0,,,,,,,7,13.0
2015-01-01,Wednesday,PA,1498,N958AT,CJL,BHV,0.0,1107.1009432069036,-11.0,0,0,,,,,,,7,9.0
2015-01-01,Wednesday,PA,1506,N812DN,SKT,TUK,-7.0,851.2237607866747,-22.0,0,0,,,,,,,7,11.0
2015-01-01,Wednesday,PA,1795,N3757D,GWD,WNS,-6.0,774.9989965884006,-35.0,0,0,,,,,,,7,11.0
2015-01-01,Wednesday,PA,1894,N6704Z,UET,DSK,4.0,986.671483042344,-26.0,0,0,,,,,,,7,10.0
2015-01-01,Wednesday,PA,1925,N534US,UET,MPD,-1.0,1010.7573750752558,-20.0,0,0,,,,,,,7,10.0
2015-01-01,Wednesday,PF,2393,N3APAA,WNS,RYK,117.0,1144.5049167168372,117.0,0,0,,0.0,0.0,117.0,0.0,0.0,7,9.0
2015-01-01,Wednesday,PK,4513,N14950,RAZ,ISB,-3.0,1322.7405177603853,-11.0,0,0,,,,,,,7,8.0
2015-01-01,Wednesday,PK,4524,N14974,ABT,MUX,7.0,1355.0439494280554,12.0,0,0,,,,,,,7,8.0
2015-01-01,Wednesday,PK,4871,N878AS,SKT,KHI,4.0,1255.8667469395946,6.0,0,0,,,,,,,7,8.0
2015-01-01,Wednesday,PK,4987,N710EV,PSI,BHV,-8.0,1340.0256873369456,-26.0,0,0,,,,,,,7,8.0
2015-01-01,Wednesday,PK,5423,N724EV,TLB,UET,-6.0,1349.6600441501105,-9.0,0,0,,,,,,,7,8.0
2015-01-01,Wednesday,PK,5755,N834AS,CJL,ISB,-2.0,1171.4244431065624,3.0,0,0,,,,,,,7,10.0
2015-01-01,Wednesday,ER,1061,N201FR,ISB,PEW,-11.0,1003.9566526189043,10.0,0,0,,,,,,,7,11.0
2015-01-01,Wednesday,ER,1120,N208FR,RAZ,MPD,1.0,1121.5524784266506,-17.0,0,0,,,,,,,7,9.0
2015-01-01,Wednesday,ER,676,N908FR,LYP,RYK,62.0,973.9201284366848,58.0,0,0,,0.0,0.0,58.0,0.0,0.0,7,10.0
2015-01-01,Wednesday,ER,681,N928FR,RYK,LYP,-2.0,973.9201284366848,-1.0,0,0,,,,,,,7,11.0
2015-01-01,Wednesday,PF,2841,N667MQ,LHE,MFG,4.0,1235.1812161348585,10.0,0,0,,,,,,,7,8.0
2015-01-01,Wednesday,PF,2852,N625MQ,KDD,LHE,,1374.0292996187036,,0,1,B,,,,,,7,
2015-01-01,Wednesday,PF,2871,N645MQ,ISB,LHE,,1240.8484848484848,,0,1,B,,,,,,7,
2015-01-01,Wednesday,PF,3024,N611MQ,PZH,LHE,,1192.9600642183425,,0,1,B,,,,,,7,
2015-01-01,Wednesday,PF,3051,N802MQ,RAZ,ISB,-5.0,1202.8777844671883,-22.0,0,0,,,,,,,7,9.0
2015-01-01,Wednesday,PF,2991,N686MQ,DEA,LHE,,1216.4792293798916,,0,1,B,,,,,,7,
2015-01-01,Wednesday,PF,3362,N507MQ,LHE,SDT,,1324.4406983744732,,0,1,B,,,,,,7,
2015-01-01,Wednesday,PF,231,N620NK,KHI,CJL,25.0,1247.365843869155,17.0,0,0,,17.0,0.0,0.0,0.0,0.0,7,8.0
2015-01-01,Wednesday,PF,259,N532NK,PAJ,CJL,-5.0,1135.153923339354,-12.0,0,0,,,,,,,7,9.0
2015-01-01,Wednesday,PF,183,N521NK,CHB,MPD,-5.0,1141.1045554886614,-2.0,0,0,,,,,,,7,9.0
2015-01-01,Wednesday,PF,193,N502NK,MUX,GWD,43.0,1065.7298815974314,29.0,0,0,,29.0,0.0,0.0,0.0,0.0,7,10.0
2015-01-01,Wednesday,PF,198,N621NK,CJL,RYK,12.0,1361.844671884407,16.0,0,0,,16.0,0.0,0.0,0.0,0.0,7,8.0
2015-01-01,Wednesday,PF,610,N608NK,CJL,KDU,4.0,1061.4794300622116,10.0,0,0,,,,,,,7,10.0
2015-01-01,Wednesday,ER,6194,N758SK,SYW,LYP,4.0,1376.5795705398355,-1.0,0,0,,,,,,,7,7.0
2015-01-01,Wednesday,ER,6272,N915SW,KDU,KDU,-10.0,1319.6235199678908,-1.0,0,0,,,,,,,7,8.0
2015-01-01,Wednesday,ER,3479,N218AG,DBA,SKZ,21.0,1234.614489263496,30.0,0,0,,9.0,0.0,21.0,0.0,0.0,7,9.0
2015-01-01,Wednesday,PF,217,N485HA,DBA,KDD,-4.0,1365.8117599839454,-1.0,0,0,,,,,,,7,8.0
2015-01-01,Wednesday,ER,4623,N812SK,DEA,JIW,-13.0,1375.4461167971103,7.0,0,0,,,,,,,7,7.0
2015-01-01,Wednesday,ER,5471,N576SW,GWD,LYP,,1338.3255067228577,,0,1,C,,,,,,7,
2015-01-01,Wednesday,ER,5632,N566SW,MUX,KDU,-4.0,1337.758779851495,1.0,0,0,,,,,,,7,8.0
2015-01-01,Wednesday,ER,6225,N124SY,CHB,ISB,10.0,1004.8067429259482,8.0,0,0,,,,,,,7,10.0
2015-01-01,Wednesday,ER,7382,N659BR,ISB,SKZ,-4.0,1321.3237005819788,-41.0,0,0,,,,,,,7,8.0
2015-01-01,Wednesday,ER,5633,N479CA,SUL,LYP,-5.0,1391.3144691952639,-8.0,0,0,,,,,,,7,7.0
2015-01-01,Wednesday,PA,296,N470UA,ISB,LYP,4.0,1160.373269114991,-2.0,0,0,,,,,,,7,9.0
2015-01-01,Wednesday,PA,656,N402UA,PEW,ISB,24.0,1003.9566526189043,58.0,0,0,,34.0,0.0,0.0,0.0,24.0,7,10.0
2015-01-01,Wednesday,PA,1441,N38417,MFG,MUX,4.0,1325.5741521171985,-1.0,0,0,,,,,,,7,8.0
2015-01-01,Wednesday,PA,1764,N14228,RAZ,MPD,-1.0,1121.5524784266506,-28.0,0,0,,,,,,,7,9.0
2015-01-01,Wednesday,PF,130,N012AA,DSK,GRT,,1354.1938591210114,,0,1,A,,,,,,7,
2015-01-01,Wednesday,PK,4221,N14570,RZS,MUX,-9.0,1340.309050772627,1.0,0,0,,,,,,,7,8.0
2015-01-01,Wednesday,PK,6159,N48901,LYP,ISB,-1.0,1195.7936985751555,2.0,0,0,,,,,,,7,9.0
2015-01-01,Wednesday,PF,410,N630NK,CJL,WLT,1.0,1149.8888219947823,8.0,0,0,,,,,,,7,9.0
2015-01-01,Wednesday,ER,6382,N824AS,KDU,CHB,29.0,1264.084286574353,27.0,0,0,,0.0,0.0,24.0,3.0,0.0,7,8.0
2015-01-01,Wednesday,PA,761,N549UA,ISB,KDU,8.0,888.9110977322898,-12.0,0,0,,,,,,,7,11.0
2015-01-01,Wednesday,ER,12,N842VA,KDU,WNS,-3.0,679.2221553281156,-12.0,0,0,,,,,,,7,12.0
2015-01-01,Wednesday,PK,2851,N217JC,MUX,CJL,-2.0,1079.6146899458158,-14.0,0,0,,,,,,,7,10.0
2015-01-01,Wednesday,PK,1108,N625SW,WLT,CJL,-5.0,1149.8888219947823,-12.0,0,0,,,,,,,7,9.0
2015-01-01,Wednesday,PK,1432,N346SW,PZH,GRT,0.0,1177.0917118201887,-10.0,0,0,,,,,,,7,9.0
2015-01-01,Wednesday,PK,1863,N253WN,HDD,WLT,-2.0,1069.4136062612884,-30.0,0,0,,,,,,,7,9.0
2015-01-01,Wednesday,PK,665,N684WN,HDD,KCF,,1257.2835641180013,,0,1,A,,,,,,7,
2015-01-01,Wednesday,PK,323,N340LV,CJL,WLT,-6.0,1149.8888219947823,-9.0,0,0,,,,,,,7,9.0
2015-01-01,Wednesday,PK,2041,N8317M,RYK,GWD,-6.0,834.2219546457957,3.0,0,0,,,,,,,7,12.0
2015-01-01,Wednesday,PK,4649,N8302F,CHA,RYK,0.0,1131.4701986754967,-26.0,0,0,,,,,,,7,9.0
2015-01-01,Wednesday,PK,893,N737JW,XJM,MBI,4.0,946.7172386112784,8.0,0,0,,,,,,,7,11.0
2015-01-01,Wednesday,PK,552,N291WN,SBQ,CHA,29.0,1271.451735902067,30.0,0,0,,1.0,0.0,29.0,0.0,0.0,7,8.0
2015-01-01,Wednesday,PK,3239,N905WN,GRT,WLT,-2.0,1173.4079871563315,-18.0,0,0,,,,,,,7,9.0
2015-01-01,Wednesday,PK,1912,N554WN,ABT,LYP,-7.0,1230.9307645996387,-9.0,0,0,,,,,,,7,8.0
2015-01-01,Wednesday,PA,1660,N17730,PSI,ABT,-7.0,722.2933975516756,-51.0,0,0,,,,,,,7,11.0